수집일시,월,일,지역,평형,객실타입,리조트,상태
2026-04-29 10:31,2026.04,29,덕산,S20,S20 스테이 케어,스플라스,예약가능
2026-04-29 10:31,2026.04,29,덕산,S20,S20 스테이 클린A,스플라스,예약가능
2026-04-29 10:31,2026.04,29,덕산,S20,S20 플렉스 클린,스플라스,예약가능
2026-04-29 10:31,2026.04,29,덕산,S20,S20 플렉스 클린 케어,스플라스,예약가능
2026-04-29 10:31,2026.04,29,덕산,S20,S20 스테이 콘도,스플라스,예약가능
2026-04-29 10:32,2026.05,4,덕산,S20,S20 스테이 클린A,스플라스,예약가능
2026-04-29 10:32,2026.05,5,덕산,S20,S20 스테이 케어,스플라스,예약가능
2026-04-29 10:32,2026.05,6,덕산,S20,S20 스테이 케어,스플라스,예약가능
2026-04-29 10:32,2026.05,6,덕산,S20,S20 스테이 클린A,스플라스,예약가능
2026-04-29 10:32,2026.05,6,덕산,S20,S20 스테이 클린B,스플라스,예약가능
2026-04-29 10:32,2026.05,6,덕산,S20,S20 플렉스 클린,스플라스,예약가능
2026-04-29 10:32,2026.05,6,덕산,S20,S20 스테이 콘도,스플라스,예약가능
2026-04-29 10:32,2026.05,7,덕산,S20,S20 스테이 케어,스플라스,예약가능
2026-04-29 10:32,2026.05,7,덕산,S20,S20 스테이 클린A,스플라스,예약가능
2026-04-29 10:32,2026.05,7,덕산,S20,S20 스테이 클린B,스플라스,예약가능
2026-04-29 10:32,2026.05,7,덕산,S20,S20 플렉스 클린,스플라스,예약가능
2026-04-29 10:32,2026.05,7,덕산,S20,S20 스테이 콘도,스플라스,예약가능
2026-04-29 10:32,2026.05,8,덕산,S20,S20 스테이 케어,스플라스,예약가능
2026-04-29 10:32,2026.05,8,덕산,S20,S20 플렉스 클린,스플라스,예약가능
2026-04-29 10:32,2026.05,8,덕산,S20,S20 플렉스 클린 케어,스플라스,예약가능
2026-04-29 10:32,2026.05,10,덕산,S20,S20 스테이 케어,스플라스,예약가능
2026-04-29 10:32,2026.05,10,덕산,S20,S20 스테이 클린A,스플라스,예약가능
2026-04-29 10:32,2026.05,10,덕산,S20,S20 플렉스 클린,스플라스,예약가능
2026-04-29 10:32,2026.05,10,덕산,S20,S20 플렉스 클린 케어,스플라스,예약가능
2026-04-29 10:32,2026.05,10,덕산,S20,S20 스테이 콘도,스플라스,예약가능
2026-04-29 10:32,2026.05,11,덕산,S20,S20 스테이 케어,스플라스,예약가능
2026-04-29 10:32,2026.05,11,덕산,S20,S20 스테이 클린A,스플라스,예약가능
2026-04-29 10:32,2026.05,11,덕산,S20,S20 스테이 클린B,스플라스,예약가능
2026-04-29 10:32,2026.05,11,덕산,S20,S20 플렉스 클린,스플라스,예약가능
2026-04-29 10:32,2026.05,11,덕산,S20,S20 플렉스 클린 케어,스플라스,예약가능
2026-04-29 10:32,2026.05,11,덕산,S20,S20 스테이 콘도,스플라스,예약가능
2026-04-29 10:32,2026.05,12,덕산,S20,S20 스테이 케어,스플라스,예약가능
2026-04-29 10:32,2026.05,12,덕산,S20,S20 스테이 클린A,스플라스,예약가능
2026-04-29 10:32,2026.05,12,덕산,S20,S20 스테이 클린B,스플라스,예약가능
2026-04-29 10:32,2026.05,12,덕산,S20,S20 플렉스 클린,스플라스,예약가능
2026-04-29 10:32,2026.05,12,덕산,S20,S20 플렉스 클린 케어,스플라스,예약가능
2026-04-29 10:32,2026.05,12,덕산,S20,S20 스테이 콘도,스플라스,예약가능
2026-04-29 10:32,2026.05,13,덕산,S20,S20 스테이 케어,스플라스,예약가능
2026-04-29 10:32,2026.05,13,덕산,S20,S20 스테이 클린A,스플라스,예약가능
2026-04-29 10:32,2026.05,13,덕산,S20,S20 스테이 클린B,스플라스,예약가능
2026-04-29 10:32,2026.05,13,덕산,S20,S20 플렉스 클린,스플라스,예약가능
2026-04-29 10:32,2026.05,13,덕산,S20,S20 플렉스 클린 케어,스플라스,예약가능
2026-04-29 10:32,2026.05,13,덕산,S20,S20 스테이 콘도,스플라스,예약가능
2026-04-29 10:32,2026.05,14,덕산,S20,S20 스테이 케어,스플라스,예약가능
2026-04-29 10:32,2026.05,15,덕산,S20,S20 스테이 케어,스플라스,예약가능
2026-04-29 10:32,2026.05,15,덕산,S20,S20 스테이 클린B,스플라스,예약가능
2026-04-29 10:32,2026.05,17,덕산,S20,S20 스테이 케어,스플라스,예약가능
2026-04-29 10:32,2026.05,17,덕산,S20,S20 스테이 클린A,스플라스,예약가능
2026-04-29 10:32,2026.05,17,덕산,S20,S20 플렉스 클린 케어,스플라스,예약가능
2026-04-29 10:32,2026.05,17,덕산,S20,S20 스테이 콘도,스플라스,예약가능
2026-04-29 10:32,2026.05,18,덕산,S20,S20 스테이 케어,스플라스,예약가능
2026-04-29 10:32,2026.05,18,덕산,S20,S20 스테이 클린A,스플라스,예약가능
2026-04-29 10:32,2026.05,18,덕산,S20,S20 스테이 클린B,스플라스,예약가능
2026-04-29 10:32,2026.05,18,덕산,S20,S20 플렉스 클린,스플라스,예약가능
2026-04-29 10:32,2026.05,18,덕산,S20,S20 플렉스 클린 케어,스플라스,예약가능
2026-04-29 10:32,2026.05,18,덕산,S20,S20 스테이 콘도,스플라스,예약가능
2026-04-29 10:32,2026.05,19,덕산,S20,S20 스테이 케어,스플라스,예약가능
2026-04-29 10:32,2026.05,19,덕산,S20,S20 스테이 클린A,스플라스,예약가능
2026-04-29 10:32,2026.05,19,덕산,S20,S20 스테이 클린B,스플라스,예약가능
2026-04-29 10:32,2026.05,19,덕산,S20,S20 플렉스 클린,스플라스,예약가능
2026-04-29 10:32,2026.05,19,덕산,S20,S20 플렉스 클린 케어,스플라스,예약가능
2026-04-29 10:32,2026.05,19,덕산,S20,S20 스테이 콘도,스플라스,예약가능
2026-04-29 10:32,2026.05,20,덕산,S20,S20 스테이 케어,스플라스,예약가능
2026-04-29 10:32,2026.05,20,덕산,S20,S20 스테이 클린A,스플라스,예약가능
2026-04-29 10:32,2026.05,20,덕산,S20,S20 플렉스 클린,스플라스,예약가능
2026-04-29 10:32,2026.05,20,덕산,S20,S20 플렉스 클린 케어,스플라스,예약가능
2026-04-29 10:32,2026.05,20,덕산,S20,S20 스테이 콘도,스플라스,예약가능
2026-04-29 10:32,2026.05,21,덕산,S20,S20 플렉스 클린,스플라스,예약가능
2026-04-29 10:32,2026.05,21,덕산,S20,S20 플렉스 클린 케어,스플라스,예약가능
2026-04-29 10:32,2026.05,25,덕산,S20,S20 스테이 케어,스플라스,예약가능
2026-04-29 10:32,2026.05,25,덕산,S20,S20 스테이 클린A,스플라스,예약가능
2026-04-29 10:32,2026.05,25,덕산,S20,S20 스테이 클린B,스플라스,예약가능
2026-04-29 10:32,2026.05,25,덕산,S20,S20 플렉스 클린,스플라스,예약가능
2026-04-29 10:32,2026.05,25,덕산,S20,S20 플렉스 클린 케어,스플라스,예약가능
2026-04-29 10:32,2026.05,25,덕산,S20,S20 스테이 콘도,스플라스,예약가능
2026-04-29 10:32,2026.05,26,덕산,S20,S20 스테이 케어,스플라스,예약가능
2026-04-29 10:32,2026.05,26,덕산,S20,S20 스테이 클린A,스플라스,예약가능
2026-04-29 10:32,2026.05,26,덕산,S20,S20 스테이 클린B,스플라스,예약가능
2026-04-29 10:32,2026.05,26,덕산,S20,S20 플렉스 클린,스플라스,예약가능
2026-04-29 10:32,2026.05,26,덕산,S20,S20 플렉스 클린 케어,스플라스,예약가능
2026-04-29 10:32,2026.05,26,덕산,S20,S20 스테이 콘도,스플라스,예약가능
2026-04-29 10:32,2026.05,27,덕산,S20,S20 스테이 케어,스플라스,예약가능
2026-04-29 10:32,2026.05,27,덕산,S20,S20 스테이 클린A,스플라스,예약가능
2026-04-29 10:32,2026.05,27,덕산,S20,S20 스테이 클린B,스플라스,예약가능
2026-04-29 10:32,2026.05,27,덕산,S20,S20 플렉스 클린,스플라스,예약가능
2026-04-29 10:32,2026.05,27,덕산,S20,S20 플렉스 클린 케어,스플라스,예약가능
2026-04-29 10:32,2026.05,27,덕산,S20,S20 스테이 콘도,스플라스,예약가능
2026-04-29 10:32,2026.05,28,덕산,S20,S20 스테이 케어,스플라스,예약가능
2026-04-29 10:32,2026.05,28,덕산,S20,S20 스테이 클린A,스플라스,예약가능
2026-04-29 10:32,2026.05,28,덕산,S20,S20 스테이 클린B,스플라스,예약가능
2026-04-29 10:32,2026.05,28,덕산,S20,S20 플렉스 클린,스플라스,예약가능
2026-04-29 10:32,2026.05,28,덕산,S20,S20 스테이 콘도,스플라스,예약가능
2026-04-29 10:32,2026.05,29,덕산,S20,S20 스테이 케어,스플라스,예약가능
2026-04-29 10:32,2026.05,29,덕산,S20,S20 스테이 클린A,스플라스,예약가능
2026-04-29 10:32,2026.05,29,덕산,S20,S20 플렉스 클린,스플라스,예약가능
2026-04-29 10:32,2026.05,29,덕산,S20,S20 스테이 콘도,스플라스,예약가능
2026-04-29 10:32,2026.05,30,덕산,S20,S20 스테이 클린A,스플라스,예약가능
2026-04-29 10:32,2026.05,31,덕산,S20,S20 스테이 케어,스플라스,예약가능
2026-04-29 10:32,2026.05,31,덕산,S20,S20 스테이 클린A,스플라스,예약가능
2026-04-29 10:32,2026.05,31,덕산,S20,S20 스테이 클린B,스플라스,예약가능
2026-04-29 10:32,2026.05,31,덕산,S20,S20 플렉스 클린,스플라스,예약가능
2026-04-29 10:32,2026.05,31,덕산,S20,S20 플렉스 클린 케어,스플라스,예약가능
2026-04-29 10:32,2026.06,1,덕산,S20,S20 플렉스 클린,스플라스,예약가능
2026-04-29 10:32,2026.06,1,덕산,S20,S20 플렉스 클린 케어,스플라스,예약가능
2026-04-29 10:32,2026.06,2,덕산,S20,S20 스테이 케어,스플라스,예약가능
2026-04-29 10:32,2026.06,2,덕산,S20,S20 스테이 클린A,스플라스,예약가능
2026-04-29 10:32,2026.06,2,덕산,S20,S20 플렉스 클린 케어,스플라스,예약가능
2026-04-29 10:32,2026.06,3,덕산,S20,S20 스테이 케어,스플라스,예약가능
2026-04-29 10:32,2026.06,3,덕산,S20,S20 플렉스 클린,스플라스,예약가능
2026-04-29 10:32,2026.06,3,덕산,S20,S20 플렉스 클린 케어,스플라스,예약가능
2026-04-29 10:32,2026.06,3,덕산,S20,S20 스테이 콘도,스플라스,예약가능
2026-04-29 10:32,2026.06,4,덕산,S20,S20 스테이 케어,스플라스,예약가능
2026-04-29 10:32,2026.06,4,덕산,S20,S20 스테이 클린A,스플라스,예약가능
2026-04-29 10:32,2026.06,4,덕산,S20,S20 플렉스 클린,스플라스,예약가능
2026-04-29 10:32,2026.06,4,덕산,S20,S20 플렉스 클린 케어,스플라스,예약가능
2026-04-29 10:32,2026.06,4,덕산,S20,S20 스테이 콘도,스플라스,예약가능
2026-04-29 10:32,2026.06,5,덕산,S20,S20 스테이 클린A,스플라스,예약가능
2026-04-29 10:32,2026.06,5,덕산,S20,S20 플렉스 클린,스플라스,예약가능
2026-04-29 10:32,2026.06,5,덕산,S20,S20 플렉스 클린 케어,스플라스,예약가능
2026-04-29 10:32,2026.06,5,덕산,S20,S20 스테이 콘도,스플라스,예약가능
2026-04-29 10:32,2026.06,7,덕산,S20,S20 스테이 케어,스플라스,예약가능
2026-04-29 10:32,2026.06,7,덕산,S20,S20 스테이 클린A,스플라스,예약가능
2026-04-29 10:32,2026.06,7,덕산,S20,S20 스테이 클린B,스플라스,예약가능
2026-04-29 10:32,2026.06,7,덕산,S20,S20 플렉스 클린,스플라스,예약가능
2026-04-29 10:32,2026.06,7,덕산,S20,S20 플렉스 클린 케어,스플라스,예약가능
2026-04-29 10:32,2026.06,7,덕산,S20,S20 스테이 콘도,스플라스,예약가능
2026-04-29 10:32,2026.06,8,덕산,S20,S20 스테이 케어,스플라스,예약가능
2026-04-29 10:32,2026.06,8,덕산,S20,S20 스테이 클린A,스플라스,예약가능
2026-04-29 10:32,2026.06,8,덕산,S20,S20 스테이 클린B,스플라스,예약가능
2026-04-29 10:32,2026.06,8,덕산,S20,S20 플렉스 클린,스플라스,예약가능
2026-04-29 10:32,2026.06,8,덕산,S20,S20 플렉스 클린 케어,스플라스,예약가능
2026-04-29 10:32,2026.06,8,덕산,S20,S20 스테이 콘도,스플라스,예약가능
2026-04-29 10:32,2026.06,9,덕산,S20,S20 스테이 케어,스플라스,예약가능
2026-04-29 10:32,2026.06,9,덕산,S20,S20 스테이 클린A,스플라스,예약가능
2026-04-29 10:32,2026.06,9,덕산,S20,S20 스테이 클린B,스플라스,예약가능
2026-04-29 10:32,2026.06,9,덕산,S20,S20 플렉스 클린,스플라스,예약가능
2026-04-29 10:32,2026.06,9,덕산,S20,S20 플렉스 클린 케어,스플라스,예약가능
2026-04-29 10:32,2026.06,9,덕산,S20,S20 스테이 콘도,스플라스,예약가능
2026-04-29 10:32,2026.06,10,덕산,S20,S20 스테이 케어,스플라스,예약가능
2026-04-29 10:32,2026.06,10,덕산,S20,S20 스테이 클린A,스플라스,예약가능
2026-04-29 10:32,2026.06,10,덕산,S20,S20 스테이 클린B,스플라스,예약가능
2026-04-29 10:32,2026.06,10,덕산,S20,S20 플렉스 클린,스플라스,예약가능
2026-04-29 10:32,2026.06,10,덕산,S20,S20 플렉스 클린 케어,스플라스,예약가능
2026-04-29 10:32,2026.06,10,덕산,S20,S20 스테이 콘도,스플라스,예약가능
2026-04-29 10:32,2026.06,11,덕산,S20,S20 스테이 케어,스플라스,예약가능
2026-04-29 10:32,2026.06,11,덕산,S20,S20 스테이 클린A,스플라스,예약가능
2026-04-29 10:32,2026.06,11,덕산,S20,S20 스테이 클린B,스플라스,예약가능
2026-04-29 10:32,2026.06,11,덕산,S20,S20 플렉스 클린,스플라스,예약가능
2026-04-29 10:32,2026.06,11,덕산,S20,S20 플렉스 클린 케어,스플라스,예약가능
2026-04-29 10:32,2026.06,11,덕산,S20,S20 스테이 콘도,스플라스,예약가능
2026-04-29 10:32,2026.06,12,덕산,S20,S20 스테이 케어,스플라스,예약가능
2026-04-29 10:32,2026.06,12,덕산,S20,S20 스테이 클린A,스플라스,예약가능
2026-04-29 10:32,2026.06,12,덕산,S20,S20 플렉스 클린,스플라스,예약가능
2026-04-29 10:32,2026.06,14,덕산,S20,S20 스테이 케어,스플라스,예약가능
2026-04-29 10:32,2026.06,14,덕산,S20,S20 스테이 클린A,스플라스,예약가능
2026-04-29 10:32,2026.06,14,덕산,S20,S20 플렉스 클린 케어,스플라스,예약가능
2026-04-29 10:32,2026.06,14,덕산,S20,S20 스테이 콘도,스플라스,예약가능
2026-04-29 10:32,2026.06,15,덕산,S20,S20 스테이 케어,스플라스,예약가능
2026-04-29 10:32,2026.06,15,덕산,S20,S20 스테이 클린A,스플라스,예약가능
2026-04-29 10:32,2026.06,15,덕산,S20,S20 플렉스 클린,스플라스,예약가능
2026-04-29 10:32,2026.06,15,덕산,S20,S20 플렉스 클린 케어,스플라스,예약가능
2026-04-29 10:32,2026.06,15,덕산,S20,S20 스테이 콘도,스플라스,예약가능
2026-04-29 10:32,2026.06,16,덕산,S20,S20 스테이 케어,스플라스,예약가능
2026-04-29 10:32,2026.06,16,덕산,S20,S20 스테이 클린A,스플라스,예약가능
2026-04-29 10:32,2026.06,16,덕산,S20,S20 스테이 클린B,스플라스,예약가능
2026-04-29 10:32,2026.06,16,덕산,S20,S20 플렉스 클린,스플라스,예약가능
2026-04-29 10:32,2026.06,16,덕산,S20,S20 플렉스 클린 케어,스플라스,예약가능
2026-04-29 10:32,2026.06,16,덕산,S20,S20 스테이 콘도,스플라스,예약가능
2026-04-29 10:32,2026.06,17,덕산,S20,S20 스테이 케어,스플라스,예약가능
2026-04-29 10:32,2026.06,17,덕산,S20,S20 스테이 클린A,스플라스,예약가능
2026-04-29 10:32,2026.06,17,덕산,S20,S20 스테이 클린B,스플라스,예약가능
2026-04-29 10:32,2026.06,17,덕산,S20,S20 플렉스 클린,스플라스,예약가능
2026-04-29 10:32,2026.06,17,덕산,S20,S20 플렉스 클린 케어,스플라스,예약가능
2026-04-29 10:32,2026.06,17,덕산,S20,S20 스테이 콘도,스플라스,예약가능
2026-04-29 10:32,2026.06,18,덕산,S20,S20 스테이 케어,스플라스,예약가능
2026-04-29 10:32,2026.06,18,덕산,S20,S20 스테이 클린A,스플라스,예약가능
2026-04-29 10:32,2026.06,18,덕산,S20,S20 플렉스 클린,스플라스,예약가능
2026-04-29 10:32,2026.06,18,덕산,S20,S20 플렉스 클린 케어,스플라스,예약가능
2026-04-29 10:32,2026.06,18,덕산,S20,S20 스테이 콘도,스플라스,예약가능
2026-04-29 10:32,2026.06,19,덕산,S20,S20 스테이 클린A,스플라스,예약가능
2026-04-29 10:32,2026.06,19,덕산,S20,S20 플렉스 클린,스플라스,예약가능
2026-04-29 10:32,2026.06,19,덕산,S20,S20 플렉스 클린 케어,스플라스,예약가능
2026-04-29 10:32,2026.06,21,덕산,S20,S20 스테이 케어,스플라스,예약가능
2026-04-29 10:32,2026.06,21,덕산,S20,S20 스테이 클린A,스플라스,예약가능
2026-04-29 10:32,2026.06,21,덕산,S20,S20 플렉스 클린,스플라스,예약가능
2026-04-29 10:32,2026.06,21,덕산,S20,S20 플렉스 클린 케어,스플라스,예약가능
2026-04-29 10:32,2026.06,21,덕산,S20,S20 스테이 콘도,스플라스,예약가능
2026-04-29 10:32,2026.06,22,덕산,S20,S20 스테이 케어,스플라스,예약가능
2026-04-29 10:32,2026.06,22,덕산,S20,S20 스테이 클린A,스플라스,예약가능
2026-04-29 10:32,2026.06,22,덕산,S20,S20 스테이 클린B,스플라스,예약가능
2026-04-29 10:32,2026.06,22,덕산,S20,S20 플렉스 클린,스플라스,예약가능
2026-04-29 10:32,2026.06,22,덕산,S20,S20 플렉스 클린 케어,스플라스,예약가능
2026-04-29 10:32,2026.06,22,덕산,S20,S20 스테이 콘도,스플라스,예약가능
2026-04-29 10:32,2026.06,23,덕산,S20,S20 스테이 케어,스플라스,예약가능
2026-04-29 10:32,2026.06,23,덕산,S20,S20 스테이 클린A,스플라스,예약가능
2026-04-29 10:32,2026.06,23,덕산,S20,S20 스테이 클린B,스플라스,예약가능
2026-04-29 10:32,2026.06,23,덕산,S20,S20 플렉스 클린,스플라스,예약가능
2026-04-29 10:32,2026.06,23,덕산,S20,S20 플렉스 클린 케어,스플라스,예약가능
2026-04-29 10:32,2026.06,23,덕산,S20,S20 스테이 콘도,스플라스,예약가능
2026-04-29 10:32,2026.06,24,덕산,S20,S20 스테이 케어,스플라스,예약가능
2026-04-29 10:32,2026.06,24,덕산,S20,S20 스테이 클린A,스플라스,예약가능
2026-04-29 10:32,2026.06,24,덕산,S20,S20 스테이 클린B,스플라스,예약가능
2026-04-29 10:32,2026.06,24,덕산,S20,S20 플렉스 클린,스플라스,예약가능
2026-04-29 10:32,2026.06,24,덕산,S20,S20 플렉스 클린 케어,스플라스,예약가능
2026-04-29 10:32,2026.06,24,덕산,S20,S20 스테이 콘도,스플라스,예약가능
2026-04-29 10:32,2026.06,25,덕산,S20,S20 스테이 클린A,스플라스,예약가능
2026-04-29 10:32,2026.06,25,덕산,S20,S20 플렉스 클린,스플라스,예약가능
2026-04-29 10:32,2026.06,25,덕산,S20,S20 플렉스 클린 케어,스플라스,예약가능
2026-04-29 10:32,2026.06,26,덕산,S20,S20 스테이 클린A,스플라스,예약가능
2026-04-29 10:32,2026.06,26,덕산,S20,S20 플렉스 클린,스플라스,예약가능
2026-04-29 10:32,2026.06,26,덕산,S20,S20 플렉스 클린 케어,스플라스,예약가능
2026-04-29 10:32,2026.06,28,덕산,S20,S20 스테이 케어,스플라스,예약가능
2026-04-29 10:32,2026.06,28,덕산,S20,S20 스테이 클린A,스플라스,예약가능
2026-04-29 10:32,2026.06,28,덕산,S20,S20 플렉스 클린,스플라스,예약가능
2026-04-29 10:32,2026.06,28,덕산,S20,S20 플렉스 클린 케어,스플라스,예약가능
2026-04-29 10:32,2026.06,29,덕산,S20,S20 스테이 케어,스플라스,예약가능
2026-04-29 10:32,2026.06,29,덕산,S20,S20 스테이 클린A,스플라스,예약가능
2026-04-29 10:32,2026.06,29,덕산,S20,S20 스테이 클린B,스플라스,예약가능
2026-04-29 10:32,2026.06,29,덕산,S20,S20 플렉스 클린,스플라스,예약가능
2026-04-29 10:32,2026.06,29,덕산,S20,S20 플렉스 클린 케어,스플라스,예약가능
2026-04-29 10:32,2026.06,30,덕산,S20,S20 스테이 케어,스플라스,예약가능
2026-04-29 10:32,2026.06,30,덕산,S20,S20 스테이 클린A,스플라스,예약가능
2026-04-29 10:32,2026.06,30,덕산,S20,S20 스테이 클린B,스플라스,예약가능
2026-04-29 10:32,2026.06,30,덕산,S20,S20 플렉스 클린,스플라스,예약가능
2026-04-29 10:32,2026.06,30,덕산,S20,S20 플렉스 클린 케어,스플라스,예약가능
2026-04-29 10:32,2026.06,30,덕산,S20,S20 스테이 콘도,스플라스,예약가능
2026-04-29 10:32,2026.04,29,덕산,S25,S25 스테이 클린B,스플라스,예약가능
2026-04-29 10:32,2026.04,29,덕산,S25,S25 플렉스 클린,스플라스,예약가능
2026-04-29 10:32,2026.04,29,덕산,S25,S25 플렉스 콘도,스플라스,예약가능
2026-04-29 10:32,2026.04,29,덕산,S25,S25 스테이 클린A,스플라스,예약가능
2026-04-29 10:32,2026.05,5,덕산,S25,S25 플렉스 클린,스플라스,예약가능
2026-04-29 10:32,2026.05,5,덕산,S25,S25 플렉스 콘도,스플라스,예약가능
2026-04-29 10:32,2026.05,5,덕산,S25,S25 스테이 클린A,스플라스,예약가능
2026-04-29 10:32,2026.05,6,덕산,S25,S25 스테이 클린B,스플라스,예약가능
2026-04-29 10:32,2026.05,6,덕산,S25,S25 플렉스 클린,스플라스,예약가능
2026-04-29 10:32,2026.05,6,덕산,S25,S25 플렉스 콘도,스플라스,예약가능
2026-04-29 10:32,2026.05,6,덕산,S25,S25 스테이 콘도,스플라스,예약가능
2026-04-29 10:32,2026.05,6,덕산,S25,S25 스테이 클린A,스플라스,예약가능
2026-04-29 10:32,2026.05,7,덕산,S25,S25 플렉스 클린,스플라스,예약가능
2026-04-29 10:32,2026.05,7,덕산,S25,S25 플렉스 콘도,스플라스,예약가능
2026-04-29 10:32,2026.05,7,덕산,S25,S25 스테이 콘도,스플라스,예약가능
2026-04-29 10:32,2026.05,7,덕산,S25,S25 스테이 클린A,스플라스,예약가능
2026-04-29 10:32,2026.05,8,덕산,S25,S25 스테이 클린B,스플라스,예약가능
2026-04-29 10:32,2026.05,8,덕산,S25,S25 플렉스 클린,스플라스,예약가능
2026-04-29 10:32,2026.05,8,덕산,S25,S25 스테이 콘도,스플라스,예약가능
2026-04-29 10:32,2026.05,8,덕산,S25,S25 스테이 클린A,스플라스,예약가능
2026-04-29 10:32,2026.05,9,덕산,S25,S25 스테이 클린A,스플라스,예약가능
2026-04-29 10:32,2026.05,10,덕산,S25,S25 스테이 클린B,스플라스,예약가능
2026-04-29 10:32,2026.05,10,덕산,S25,S25 플렉스 클린,스플라스,예약가능
2026-04-29 10:32,2026.05,10,덕산,S25,S25 스테이 콘도,스플라스,예약가능
2026-04-29 10:32,2026.05,10,덕산,S25,S25 스테이 클린A,스플라스,예약가능
2026-04-29 10:32,2026.05,11,덕산,S25,S25 스테이 클린B,스플라스,예약가능
2026-04-29 10:32,2026.05,11,덕산,S25,S25 플렉스 클린,스플라스,예약가능
2026-04-29 10:32,2026.05,11,덕산,S25,S25 스테이 콘도,스플라스,예약가능
2026-04-29 10:32,2026.05,11,덕산,S25,S25 스테이 클린A,스플라스,예약가능
2026-04-29 10:32,2026.05,12,덕산,S25,S25 스테이 클린B,스플라스,예약가능
2026-04-29 10:32,2026.05,12,덕산,S25,S25 플렉스 클린,스플라스,예약가능
2026-04-29 10:32,2026.05,12,덕산,S25,S25 스테이 콘도,스플라스,예약가능
2026-04-29 10:32,2026.05,12,덕산,S25,S25 스테이 클린A,스플라스,예약가능
2026-04-29 10:32,2026.05,13,덕산,S25,S25 스테이 클린B,스플라스,예약가능
2026-04-29 10:32,2026.05,13,덕산,S25,S25 플렉스 클린,스플라스,예약가능
2026-04-29 10:32,2026.05,13,덕산,S25,S25 스테이 콘도,스플라스,예약가능
2026-04-29 10:32,2026.05,13,덕산,S25,S25 스테이 클린A,스플라스,예약가능
2026-04-29 10:32,2026.05,14,덕산,S25,S25 플렉스 클린,스플라스,예약가능
2026-04-29 10:32,2026.05,14,덕산,S25,S25 스테이 클린A,스플라스,예약가능
2026-04-29 10:32,2026.05,17,덕산,S25,S25 스테이 클린B,스플라스,예약가능
2026-04-29 10:32,2026.05,17,덕산,S25,S25 플렉스 클린,스플라스,예약가능
2026-04-29 10:32,2026.05,17,덕산,S25,S25 스테이 콘도,스플라스,예약가능
2026-04-29 10:32,2026.05,17,덕산,S25,S25 스테이 클린A,스플라스,예약가능
2026-04-29 10:32,2026.05,18,덕산,S25,S25 스테이 클린B,스플라스,예약가능
2026-04-29 10:32,2026.05,18,덕산,S25,S25 플렉스 클린,스플라스,예약가능
2026-04-29 10:32,2026.05,18,덕산,S25,S25 스테이 콘도,스플라스,예약가능
2026-04-29 10:32,2026.05,18,덕산,S25,S25 스테이 클린A,스플라스,예약가능
2026-04-29 10:32,2026.05,19,덕산,S25,S25 스테이 클린B,스플라스,예약가능
2026-04-29 10:32,2026.05,19,덕산,S25,S25 플렉스 클린,스플라스,예약가능
2026-04-29 10:32,2026.05,19,덕산,S25,S25 스테이 콘도,스플라스,예약가능
2026-04-29 10:32,2026.05,19,덕산,S25,S25 스테이 클린A,스플라스,예약가능
2026-04-29 10:32,2026.05,20,덕산,S25,S25 스테이 클린B,스플라스,예약가능
2026-04-29 10:32,2026.05,20,덕산,S25,S25 플렉스 클린,스플라스,예약가능
2026-04-29 10:32,2026.05,20,덕산,S25,S25 스테이 콘도,스플라스,예약가능
2026-04-29 10:32,2026.05,20,덕산,S25,S25 스테이 클린A,스플라스,예약가능
2026-04-29 10:32,2026.05,22,덕산,S25,S25 스테이 클린A,스플라스,예약가능
2026-04-29 10:32,2026.05,25,덕산,S25,S25 스테이 클린B,스플라스,예약가능
2026-04-29 10:32,2026.05,25,덕산,S25,S25 플렉스 클린,스플라스,예약가능
2026-04-29 10:32,2026.05,25,덕산,S25,S25 스테이 클린A,스플라스,예약가능
2026-04-29 10:32,2026.05,26,덕산,S25,S25 스테이 클린B,스플라스,예약가능
2026-04-29 10:32,2026.05,26,덕산,S25,S25 플렉스 클린,스플라스,예약가능
2026-04-29 10:32,2026.05,26,덕산,S25,S25 스테이 콘도,스플라스,예약가능
2026-04-29 10:32,2026.05,26,덕산,S25,S25 스테이 클린A,스플라스,예약가능
2026-04-29 10:32,2026.05,27,덕산,S25,S25 스테이 클린B,스플라스,예약가능
2026-04-29 10:32,2026.05,27,덕산,S25,S25 플렉스 클린,스플라스,예약가능
2026-04-29 10:32,2026.05,27,덕산,S25,S25 스테이 콘도,스플라스,예약가능
2026-04-29 10:32,2026.05,27,덕산,S25,S25 스테이 클린A,스플라스,예약가능
2026-04-29 10:32,2026.05,28,덕산,S25,S25 스테이 클린B,스플라스,예약가능
2026-04-29 10:32,2026.05,28,덕산,S25,S25 스테이 콘도,스플라스,예약가능
2026-04-29 10:32,2026.05,29,덕산,S25,S25 스테이 클린B,스플라스,예약가능
2026-04-29 10:32,2026.05,29,덕산,S25,S25 플렉스 클린,스플라스,예약가능
2026-04-29 10:32,2026.05,29,덕산,S25,S25 스테이 클린A,스플라스,예약가능
2026-04-29 10:32,2026.05,30,덕산,S25,S25 스테이 클린A,스플라스,예약가능
2026-04-29 10:32,2026.05,31,덕산,S25,S25 스테이 클린B,스플라스,예약가능
2026-04-29 10:32,2026.05,31,덕산,S25,S25 플렉스 클린,스플라스,예약가능
2026-04-29 10:32,2026.05,31,덕산,S25,S25 스테이 콘도,스플라스,예약가능
2026-04-29 10:32,2026.05,31,덕산,S25,S25 스테이 클린A,스플라스,예약가능
2026-04-29 10:32,2026.06,1,덕산,S25,S25 스테이 클린B,스플라스,예약가능
2026-04-29 10:32,2026.06,1,덕산,S25,S25 플렉스 클린,스플라스,예약가능
2026-04-29 10:32,2026.06,1,덕산,S25,S25 스테이 콘도,스플라스,예약가능
2026-04-29 10:32,2026.06,1,덕산,S25,S25 스테이 클린A,스플라스,예약가능
2026-04-29 10:32,2026.06,2,덕산,S25,S25 스테이 클린B,스플라스,예약가능
2026-04-29 10:32,2026.06,2,덕산,S25,S25 플렉스 클린,스플라스,예약가능
2026-04-29 10:32,2026.06,2,덕산,S25,S25 스테이 콘도,스플라스,예약가능
2026-04-29 10:32,2026.06,2,덕산,S25,S25 스테이 클린A,스플라스,예약가능
2026-04-29 10:32,2026.06,3,덕산,S25,S25 스테이 클린B,스플라스,예약가능
2026-04-29 10:32,2026.06,3,덕산,S25,S25 플렉스 클린,스플라스,예약가능
2026-04-29 10:32,2026.06,3,덕산,S25,S25 스테이 콘도,스플라스,예약가능
2026-04-29 10:32,2026.06,3,덕산,S25,S25 스테이 클린A,스플라스,예약가능
2026-04-29 10:32,2026.06,4,덕산,S25,S25 스테이 클린B,스플라스,예약가능
2026-04-29 10:32,2026.06,4,덕산,S25,S25 플렉스 클린,스플라스,예약가능
2026-04-29 10:32,2026.06,4,덕산,S25,S25 스테이 콘도,스플라스,예약가능
2026-04-29 10:32,2026.06,4,덕산,S25,S25 스테이 클린A,스플라스,예약가능
2026-04-29 10:32,2026.06,5,덕산,S25,S25 스테이 클린B,스플라스,예약가능
2026-04-29 10:32,2026.06,5,덕산,S25,S25 플렉스 클린,스플라스,예약가능
2026-04-29 10:32,2026.06,5,덕산,S25,S25 스테이 콘도,스플라스,예약가능
2026-04-29 10:32,2026.06,5,덕산,S25,S25 스테이 클린A,스플라스,예약가능
2026-04-29 10:32,2026.06,7,덕산,S25,S25 스테이 클린B,스플라스,예약가능
2026-04-29 10:32,2026.06,7,덕산,S25,S25 플렉스 클린,스플라스,예약가능
2026-04-29 10:32,2026.06,7,덕산,S25,S25 스테이 콘도,스플라스,예약가능
2026-04-29 10:32,2026.06,7,덕산,S25,S25 스테이 클린A,스플라스,예약가능
2026-04-29 10:32,2026.06,8,덕산,S25,S25 스테이 클린B,스플라스,예약가능
2026-04-29 10:32,2026.06,8,덕산,S25,S25 플렉스 클린,스플라스,예약가능
2026-04-29 10:32,2026.06,8,덕산,S25,S25 스테이 콘도,스플라스,예약가능
2026-04-29 10:32,2026.06,8,덕산,S25,S25 스테이 클린A,스플라스,예약가능
2026-04-29 10:32,2026.06,9,덕산,S25,S25 스테이 클린B,스플라스,예약가능
2026-04-29 10:32,2026.06,9,덕산,S25,S25 플렉스 클린,스플라스,예약가능
2026-04-29 10:32,2026.06,9,덕산,S25,S25 스테이 콘도,스플라스,예약가능
2026-04-29 10:32,2026.06,9,덕산,S25,S25 스테이 클린A,스플라스,예약가능
2026-04-29 10:32,2026.06,10,덕산,S25,S25 스테이 클린B,스플라스,예약가능
2026-04-29 10:32,2026.06,10,덕산,S25,S25 플렉스 클린,스플라스,예약가능
2026-04-29 10:32,2026.06,10,덕산,S25,S25 스테이 콘도,스플라스,예약가능
2026-04-29 10:32,2026.06,10,덕산,S25,S25 스테이 클린A,스플라스,예약가능
2026-04-29 10:32,2026.06,11,덕산,S25,S25 스테이 클린B,스플라스,예약가능
2026-04-29 10:32,2026.06,11,덕산,S25,S25 플렉스 클린,스플라스,예약가능
2026-04-29 10:32,2026.06,11,덕산,S25,S25 스테이 콘도,스플라스,예약가능
2026-04-29 10:32,2026.06,11,덕산,S25,S25 스테이 클린A,스플라스,예약가능
2026-04-29 10:32,2026.06,12,덕산,S25,S25 스테이 클린B,스플라스,예약가능
2026-04-29 10:32,2026.06,12,덕산,S25,S25 플렉스 클린,스플라스,예약가능
2026-04-29 10:32,2026.06,12,덕산,S25,S25 스테이 콘도,스플라스,예약가능
2026-04-29 10:32,2026.06,12,덕산,S25,S25 스테이 클린A,스플라스,예약가능
2026-04-29 10:32,2026.06,14,덕산,S25,S25 스테이 클린B,스플라스,예약가능
2026-04-29 10:32,2026.06,14,덕산,S25,S25 플렉스 클린,스플라스,예약가능
2026-04-29 10:32,2026.06,14,덕산,S25,S25 스테이 콘도,스플라스,예약가능
2026-04-29 10:32,2026.06,14,덕산,S25,S25 스테이 클린A,스플라스,예약가능
2026-04-29 10:32,2026.06,15,덕산,S25,S25 스테이 클린B,스플라스,예약가능
2026-04-29 10:32,2026.06,15,덕산,S25,S25 플렉스 클린,스플라스,예약가능
2026-04-29 10:32,2026.06,15,덕산,S25,S25 스테이 콘도,스플라스,예약가능
2026-04-29 10:32,2026.06,16,덕산,S25,S25 스테이 클린B,스플라스,예약가능
2026-04-29 10:32,2026.06,16,덕산,S25,S25 플렉스 클린,스플라스,예약가능
2026-04-29 10:32,2026.06,16,덕산,S25,S25 스테이 클린A,스플라스,예약가능
2026-04-29 10:32,2026.06,17,덕산,S25,S25 스테이 클린B,스플라스,예약가능
2026-04-29 10:32,2026.06,17,덕산,S25,S25 플렉스 클린,스플라스,예약가능
2026-04-29 10:32,2026.06,17,덕산,S25,S25 스테이 콘도,스플라스,예약가능
2026-04-29 10:32,2026.06,17,덕산,S25,S25 스테이 클린A,스플라스,예약가능
2026-04-29 10:32,2026.06,18,덕산,S25,S25 스테이 클린B,스플라스,예약가능
2026-04-29 10:32,2026.06,18,덕산,S25,S25 플렉스 클린,스플라스,예약가능
2026-04-29 10:32,2026.06,18,덕산,S25,S25 스테이 콘도,스플라스,예약가능
2026-04-29 10:32,2026.06,18,덕산,S25,S25 스테이 클린A,스플라스,예약가능
2026-04-29 10:32,2026.06,19,덕산,S25,S25 스테이 클린A,스플라스,예약가능
2026-04-29 10:32,2026.06,21,덕산,S25,S25 스테이 클린B,스플라스,예약가능
2026-04-29 10:32,2026.06,21,덕산,S25,S25 플렉스 클린,스플라스,예약가능
2026-04-29 10:32,2026.06,21,덕산,S25,S25 스테이 콘도,스플라스,예약가능
2026-04-29 10:32,2026.06,21,덕산,S25,S25 스테이 클린A,스플라스,예약가능
2026-04-29 10:32,2026.06,22,덕산,S25,S25 스테이 클린B,스플라스,예약가능
2026-04-29 10:32,2026.06,22,덕산,S25,S25 플렉스 클린,스플라스,예약가능
2026-04-29 10:32,2026.06,22,덕산,S25,S25 스테이 콘도,스플라스,예약가능
2026-04-29 10:32,2026.06,23,덕산,S25,S25 스테이 클린B,스플라스,예약가능
2026-04-29 10:32,2026.06,23,덕산,S25,S25 플렉스 클린,스플라스,예약가능
2026-04-29 10:32,2026.06,23,덕산,S25,S25 스테이 콘도,스플라스,예약가능
2026-04-29 10:32,2026.06,23,덕산,S25,S25 스테이 클린A,스플라스,예약가능
2026-04-29 10:32,2026.06,24,덕산,S25,S25 스테이 클린B,스플라스,예약가능
2026-04-29 10:32,2026.06,24,덕산,S25,S25 플렉스 클린,스플라스,예약가능
2026-04-29 10:32,2026.06,24,덕산,S25,S25 스테이 콘도,스플라스,예약가능
2026-04-29 10:32,2026.06,24,덕산,S25,S25 스테이 클린A,스플라스,예약가능
2026-04-29 10:32,2026.06,25,덕산,S25,S25 스테이 클린B,스플라스,예약가능
2026-04-29 10:32,2026.06,25,덕산,S25,S25 플렉스 클린,스플라스,예약가능
2026-04-29 10:32,2026.06,25,덕산,S25,S25 스테이 콘도,스플라스,예약가능
2026-04-29 10:32,2026.06,25,덕산,S25,S25 스테이 클린A,스플라스,예약가능
2026-04-29 10:32,2026.06,26,덕산,S25,S25 스테이 클린B,스플라스,예약가능
2026-04-29 10:32,2026.06,26,덕산,S25,S25 플렉스 클린,스플라스,예약가능
2026-04-29 10:32,2026.06,26,덕산,S25,S25 스테이 콘도,스플라스,예약가능
2026-04-29 10:32,2026.06,26,덕산,S25,S25 스테이 클린A,스플라스,예약가능
2026-04-29 10:32,2026.06,28,덕산,S25,S25 스테이 클린B,스플라스,예약가능
2026-04-29 10:32,2026.06,28,덕산,S25,S25 플렉스 클린,스플라스,예약가능
2026-04-29 10:32,2026.06,28,덕산,S25,S25 스테이 클린A,스플라스,예약가능
2026-04-29 10:32,2026.06,29,덕산,S25,S25 스테이 클린B,스플라스,예약가능
2026-04-29 10:32,2026.06,29,덕산,S25,S25 플렉스 클린,스플라스,예약가능
2026-04-29 10:32,2026.06,29,덕산,S25,S25 스테이 클린A,스플라스,예약가능
2026-04-29 10:32,2026.06,30,덕산,S25,S25 스테이 클린B,스플라스,예약가능
2026-04-29 10:32,2026.06,30,덕산,S25,S25 플렉스 클린,스플라스,예약가능
2026-04-29 10:32,2026.06,30,덕산,S25,S25 스테이 콘도,스플라스,예약가능
2026-04-29 10:32,2026.06,30,덕산,S25,S25 스테이 클린A,스플라스,예약가능
2026-04-29 10:33,2026.04,29,덕산,S30,S30 스테이 클린,스플라스,예약가능
2026-04-29 10:33,2026.04,29,덕산,S30,S30 플렉스 클린A,스플라스,예약가능
2026-04-29 10:33,2026.04,29,덕산,S30,S30 스테이 콘도,스플라스,예약가능
2026-04-29 10:33,2026.04,29,덕산,S30,S30 플렉스 콘도C,스플라스,예약가능
2026-04-29 10:33,2026.04,29,덕산,S30,S30 플렉스 클린C,스플라스,예약가능
2026-04-29 10:33,2026.04,29,덕산,S30,S30 플렉스 클린B,스플라스,예약가능
2026-04-29 10:33,2026.04,30,덕산,S30,S30 스테이 클린,스플라스,예약가능
2026-04-29 10:33,2026.05,5,덕산,S30,S30 스테이 클린,스플라스,예약가능
2026-04-29 10:33,2026.05,5,덕산,S30,S30 플렉스 클린A,스플라스,예약가능
2026-04-29 10:33,2026.05,5,덕산,S30,S30 스테이 콘도,스플라스,예약가능
2026-04-29 10:33,2026.05,5,덕산,S30,S30 플렉스 콘도C,스플라스,예약가능
2026-04-29 10:33,2026.05,5,덕산,S30,S30 플렉스 클린C,스플라스,예약가능
2026-04-29 10:33,2026.05,5,덕산,S30,S30 플렉스 클린B,스플라스,예약가능
2026-04-29 10:33,2026.05,6,덕산,S30,S30 스테이 클린,스플라스,예약가능
2026-04-29 10:33,2026.05,6,덕산,S30,S30 플렉스 클린A,스플라스,예약가능
2026-04-29 10:33,2026.05,6,덕산,S30,S30 플렉스 콘도C,스플라스,예약가능
2026-04-29 10:33,2026.05,6,덕산,S30,S30 플렉스 클린C,스플라스,예약가능
2026-04-29 10:33,2026.05,6,덕산,S30,S30 플렉스 클린B,스플라스,예약가능
2026-04-29 10:33,2026.05,7,덕산,S30,S30 스테이 클린,스플라스,예약가능
2026-04-29 10:33,2026.05,7,덕산,S30,S30 플렉스 클린A,스플라스,예약가능
2026-04-29 10:33,2026.05,7,덕산,S30,S30 스테이 콘도,스플라스,예약가능
2026-04-29 10:33,2026.05,7,덕산,S30,S30 플렉스 콘도C,스플라스,예약가능
2026-04-29 10:33,2026.05,7,덕산,S30,S30 플렉스 클린C,스플라스,예약가능
2026-04-29 10:33,2026.05,7,덕산,S30,S30 플렉스 클린B,스플라스,예약가능
2026-04-29 10:33,2026.05,8,덕산,S30,S30 스테이 클린,스플라스,예약가능
2026-04-29 10:33,2026.05,8,덕산,S30,S30 플렉스 클린A,스플라스,예약가능
2026-04-29 10:33,2026.05,8,덕산,S30,S30 플렉스 콘도C,스플라스,예약가능
2026-04-29 10:33,2026.05,8,덕산,S30,S30 플렉스 클린B,스플라스,예약가능
2026-04-29 10:33,2026.05,9,덕산,S30,S30 스테이 콘도,스플라스,예약가능
2026-04-29 10:33,2026.05,9,덕산,S30,S30 플렉스 콘도C,스플라스,예약가능
2026-04-29 10:33,2026.05,9,덕산,S30,S30 플렉스 클린B,스플라스,예약가능
2026-04-29 10:33,2026.05,10,덕산,S30,S30 스테이 클린,스플라스,예약가능
2026-04-29 10:33,2026.05,10,덕산,S30,S30 플렉스 클린A,스플라스,예약가능
2026-04-29 10:33,2026.05,10,덕산,S30,S30 스테이 콘도,스플라스,예약가능
2026-04-29 10:33,2026.05,10,덕산,S30,S30 플렉스 콘도C,스플라스,예약가능
2026-04-29 10:33,2026.05,10,덕산,S30,S30 플렉스 클린C,스플라스,예약가능
2026-04-29 10:33,2026.05,10,덕산,S30,S30 플렉스 클린B,스플라스,예약가능
2026-04-29 10:33,2026.05,11,덕산,S30,S30 스테이 클린,스플라스,예약가능
2026-04-29 10:33,2026.05,11,덕산,S30,S30 플렉스 클린A,스플라스,예약가능
2026-04-29 10:33,2026.05,11,덕산,S30,S30 스테이 콘도,스플라스,예약가능
2026-04-29 10:33,2026.05,11,덕산,S30,S30 플렉스 콘도C,스플라스,예약가능
2026-04-29 10:33,2026.05,11,덕산,S30,S30 플렉스 클린C,스플라스,예약가능
2026-04-29 10:33,2026.05,11,덕산,S30,S30 플렉스 클린B,스플라스,예약가능
2026-04-29 10:33,2026.05,11,덕산,S30,S30 플렉스 콘도B,스플라스,예약가능
2026-04-29 10:33,2026.05,12,덕산,S30,S30 스테이 클린,스플라스,예약가능
2026-04-29 10:33,2026.05,12,덕산,S30,S30 플렉스 클린A,스플라스,예약가능
2026-04-29 10:33,2026.05,12,덕산,S30,S30 스테이 콘도,스플라스,예약가능
2026-04-29 10:33,2026.05,12,덕산,S30,S30 플렉스 콘도C,스플라스,예약가능
2026-04-29 10:33,2026.05,12,덕산,S30,S30 플렉스 클린C,스플라스,예약가능
2026-04-29 10:33,2026.05,12,덕산,S30,S30 플렉스 클린B,스플라스,예약가능
2026-04-29 10:33,2026.05,13,덕산,S30,S30 스테이 클린,스플라스,예약가능
2026-04-29 10:33,2026.05,13,덕산,S30,S30 플렉스 클린A,스플라스,예약가능
2026-04-29 10:33,2026.05,13,덕산,S30,S30 스테이 콘도,스플라스,예약가능
2026-04-29 10:33,2026.05,13,덕산,S30,S30 플렉스 콘도C,스플라스,예약가능
2026-04-29 10:33,2026.05,13,덕산,S30,S30 플렉스 클린C,스플라스,예약가능
2026-04-29 10:33,2026.05,13,덕산,S30,S30 플렉스 클린B,스플라스,예약가능
2026-04-29 10:33,2026.05,14,덕산,S30,S30 플렉스 클린A,스플라스,예약가능
2026-04-29 10:33,2026.05,14,덕산,S30,S30 스테이 콘도,스플라스,예약가능
2026-04-29 10:33,2026.05,14,덕산,S30,S30 플렉스 콘도C,스플라스,예약가능
2026-04-29 10:33,2026.05,14,덕산,S30,S30 플렉스 클린C,스플라스,예약가능
2026-04-29 10:33,2026.05,14,덕산,S30,S30 플렉스 클린B,스플라스,예약가능
2026-04-29 10:33,2026.05,15,덕산,S30,S30 스테이 클린,스플라스,예약가능
2026-04-29 10:33,2026.05,16,덕산,S30,S30 스테이 클린,스플라스,예약가능
2026-04-29 10:33,2026.05,17,덕산,S30,S30 스테이 클린,스플라스,예약가능
2026-04-29 10:33,2026.05,17,덕산,S30,S30 플렉스 클린A,스플라스,예약가능
2026-04-29 10:33,2026.05,17,덕산,S30,S30 스테이 콘도,스플라스,예약가능
2026-04-29 10:33,2026.05,17,덕산,S30,S30 플렉스 콘도C,스플라스,예약가능
2026-04-29 10:33,2026.05,17,덕산,S30,S30 플렉스 클린C,스플라스,예약가능
2026-04-29 10:33,2026.05,17,덕산,S30,S30 플렉스 클린B,스플라스,예약가능
2026-04-29 10:33,2026.05,18,덕산,S30,S30 스테이 클린,스플라스,예약가능
2026-04-29 10:33,2026.05,18,덕산,S30,S30 플렉스 클린A,스플라스,예약가능
2026-04-29 10:33,2026.05,18,덕산,S30,S30 스테이 콘도,스플라스,예약가능
2026-04-29 10:33,2026.05,18,덕산,S30,S30 플렉스 콘도C,스플라스,예약가능
2026-04-29 10:33,2026.05,18,덕산,S30,S30 플렉스 클린C,스플라스,예약가능
2026-04-29 10:33,2026.05,18,덕산,S30,S30 플렉스 클린B,스플라스,예약가능
2026-04-29 10:33,2026.05,19,덕산,S30,S30 스테이 클린,스플라스,예약가능
2026-04-29 10:33,2026.05,19,덕산,S30,S30 플렉스 클린A,스플라스,예약가능
2026-04-29 10:33,2026.05,19,덕산,S30,S30 스테이 콘도,스플라스,예약가능
2026-04-29 10:33,2026.05,19,덕산,S30,S30 플렉스 콘도C,스플라스,예약가능
2026-04-29 10:33,2026.05,19,덕산,S30,S30 플렉스 클린C,스플라스,예약가능
2026-04-29 10:33,2026.05,19,덕산,S30,S30 플렉스 클린B,스플라스,예약가능
2026-04-29 10:33,2026.05,20,덕산,S30,S30 스테이 클린,스플라스,예약가능
2026-04-29 10:33,2026.05,20,덕산,S30,S30 플렉스 클린A,스플라스,예약가능
2026-04-29 10:33,2026.05,20,덕산,S30,S30 스테이 콘도,스플라스,예약가능
2026-04-29 10:33,2026.05,20,덕산,S30,S30 플렉스 콘도C,스플라스,예약가능
2026-04-29 10:33,2026.05,20,덕산,S30,S30 플렉스 클린C,스플라스,예약가능
2026-04-29 10:33,2026.05,20,덕산,S30,S30 플렉스 클린B,스플라스,예약가능
2026-04-29 10:33,2026.05,20,덕산,S30,S30 플렉스 콘도B,스플라스,예약가능
2026-04-29 10:33,2026.05,21,덕산,S30,S30 플렉스 클린B,스플라스,예약가능
2026-04-29 10:33,2026.05,22,덕산,S30,S30 스테이 클린,스플라스,예약가능
2026-04-29 10:33,2026.05,22,덕산,S30,S30 플렉스 클린C,스플라스,예약가능
2026-04-29 10:33,2026.05,25,덕산,S30,S30 스테이 클린,스플라스,예약가능
2026-04-29 10:33,2026.05,25,덕산,S30,S30 플렉스 클린A,스플라스,예약가능
2026-04-29 10:33,2026.05,25,덕산,S30,S30 스테이 콘도,스플라스,예약가능
2026-04-29 10:33,2026.05,25,덕산,S30,S30 플렉스 콘도C,스플라스,예약가능
2026-04-29 10:33,2026.05,25,덕산,S30,S30 플렉스 클린C,스플라스,예약가능
2026-04-29 10:33,2026.05,25,덕산,S30,S30 플렉스 클린B,스플라스,예약가능
2026-04-29 10:33,2026.05,26,덕산,S30,S30 스테이 클린,스플라스,예약가능
2026-04-29 10:33,2026.05,26,덕산,S30,S30 플렉스 클린A,스플라스,예약가능
2026-04-29 10:33,2026.05,26,덕산,S30,S30 스테이 콘도,스플라스,예약가능
2026-04-29 10:33,2026.05,26,덕산,S30,S30 플렉스 콘도C,스플라스,예약가능
2026-04-29 10:33,2026.05,26,덕산,S30,S30 플렉스 클린C,스플라스,예약가능
2026-04-29 10:33,2026.05,26,덕산,S30,S30 플렉스 클린B,스플라스,예약가능
2026-04-29 10:33,2026.05,27,덕산,S30,S30 스테이 클린,스플라스,예약가능
2026-04-29 10:33,2026.05,27,덕산,S30,S30 플렉스 클린A,스플라스,예약가능
2026-04-29 10:33,2026.05,27,덕산,S30,S30 스테이 콘도,스플라스,예약가능
2026-04-29 10:33,2026.05,27,덕산,S30,S30 플렉스 콘도C,스플라스,예약가능
2026-04-29 10:33,2026.05,27,덕산,S30,S30 플렉스 클린C,스플라스,예약가능
2026-04-29 10:33,2026.05,28,덕산,S30,S30 플렉스 클린A,스플라스,예약가능
2026-04-29 10:33,2026.05,28,덕산,S30,S30 스테이 콘도,스플라스,예약가능
2026-04-29 10:33,2026.05,28,덕산,S30,S30 플렉스 콘도C,스플라스,예약가능
2026-04-29 10:33,2026.05,28,덕산,S30,S30 플렉스 클린C,스플라스,예약가능
2026-04-29 10:33,2026.05,29,덕산,S30,S30 스테이 클린,스플라스,예약가능
2026-04-29 10:33,2026.05,29,덕산,S30,S30 플렉스 클린A,스플라스,예약가능
2026-04-29 10:33,2026.05,29,덕산,S30,S30 스테이 콘도,스플라스,예약가능
2026-04-29 10:33,2026.05,29,덕산,S30,S30 플렉스 콘도C,스플라스,예약가능
2026-04-29 10:33,2026.05,29,덕산,S30,S30 플렉스 클린C,스플라스,예약가능
2026-04-29 10:33,2026.05,29,덕산,S30,S30 플렉스 클린B,스플라스,예약가능
2026-04-29 10:33,2026.05,31,덕산,S30,S30 스테이 클린,스플라스,예약가능
2026-04-29 10:33,2026.05,31,덕산,S30,S30 플렉스 클린A,스플라스,예약가능
2026-04-29 10:33,2026.05,31,덕산,S30,S30 스테이 콘도,스플라스,예약가능
2026-04-29 10:33,2026.05,31,덕산,S30,S30 플렉스 콘도C,스플라스,예약가능
2026-04-29 10:33,2026.05,31,덕산,S30,S30 플렉스 클린C,스플라스,예약가능
2026-04-29 10:33,2026.05,31,덕산,S30,S30 플렉스 클린B,스플라스,예약가능
2026-04-29 10:33,2026.06,1,덕산,S30,S30 스테이 클린,스플라스,예약가능
2026-04-29 10:33,2026.06,1,덕산,S30,S30 플렉스 클린A,스플라스,예약가능
2026-04-29 10:33,2026.06,1,덕산,S30,S30 스테이 콘도,스플라스,예약가능
2026-04-29 10:33,2026.06,1,덕산,S30,S30 플렉스 콘도C,스플라스,예약가능
2026-04-29 10:33,2026.06,1,덕산,S30,S30 플렉스 클린C,스플라스,예약가능
2026-04-29 10:33,2026.06,1,덕산,S30,S30 플렉스 클린B,스플라스,예약가능
2026-04-29 10:33,2026.06,2,덕산,S30,S30 스테이 클린,스플라스,예약가능
2026-04-29 10:33,2026.06,2,덕산,S30,S30 플렉스 클린A,스플라스,예약가능
2026-04-29 10:33,2026.06,2,덕산,S30,S30 스테이 콘도,스플라스,예약가능
2026-04-29 10:33,2026.06,2,덕산,S30,S30 플렉스 콘도C,스플라스,예약가능
2026-04-29 10:33,2026.06,2,덕산,S30,S30 플렉스 클린C,스플라스,예약가능
2026-04-29 10:33,2026.06,2,덕산,S30,S30 플렉스 클린B,스플라스,예약가능
2026-04-29 10:33,2026.06,3,덕산,S30,S30 스테이 클린,스플라스,예약가능
2026-04-29 10:33,2026.06,3,덕산,S30,S30 플렉스 클린A,스플라스,예약가능
2026-04-29 10:33,2026.06,3,덕산,S30,S30 스테이 콘도,스플라스,예약가능
2026-04-29 10:33,2026.06,3,덕산,S30,S30 플렉스 콘도C,스플라스,예약가능
2026-04-29 10:33,2026.06,3,덕산,S30,S30 플렉스 클린C,스플라스,예약가능
2026-04-29 10:33,2026.06,3,덕산,S30,S30 플렉스 클린B,스플라스,예약가능
2026-04-29 10:33,2026.06,4,덕산,S30,S30 스테이 클린,스플라스,예약가능
2026-04-29 10:33,2026.06,4,덕산,S30,S30 플렉스 클린A,스플라스,예약가능
2026-04-29 10:33,2026.06,4,덕산,S30,S30 스테이 콘도,스플라스,예약가능
2026-04-29 10:33,2026.06,4,덕산,S30,S30 플렉스 콘도C,스플라스,예약가능
2026-04-29 10:33,2026.06,4,덕산,S30,S30 플렉스 클린C,스플라스,예약가능
2026-04-29 10:33,2026.06,4,덕산,S30,S30 플렉스 클린B,스플라스,예약가능
2026-04-29 10:33,2026.06,5,덕산,S30,S30 스테이 클린,스플라스,예약가능
2026-04-29 10:33,2026.06,5,덕산,S30,S30 플렉스 클린A,스플라스,예약가능
2026-04-29 10:33,2026.06,5,덕산,S30,S30 스테이 콘도,스플라스,예약가능
2026-04-29 10:33,2026.06,5,덕산,S30,S30 플렉스 콘도C,스플라스,예약가능
2026-04-29 10:33,2026.06,5,덕산,S30,S30 플렉스 클린C,스플라스,예약가능
2026-04-29 10:33,2026.06,5,덕산,S30,S30 플렉스 클린B,스플라스,예약가능
2026-04-29 10:33,2026.06,7,덕산,S30,S30 스테이 클린,스플라스,예약가능
2026-04-29 10:33,2026.06,7,덕산,S30,S30 플렉스 클린A,스플라스,예약가능
2026-04-29 10:33,2026.06,7,덕산,S30,S30 스테이 콘도,스플라스,예약가능
2026-04-29 10:33,2026.06,7,덕산,S30,S30 플렉스 콘도C,스플라스,예약가능
2026-04-29 10:33,2026.06,7,덕산,S30,S30 플렉스 클린C,스플라스,예약가능
2026-04-29 10:33,2026.06,7,덕산,S30,S30 플렉스 클린B,스플라스,예약가능
2026-04-29 10:33,2026.06,8,덕산,S30,S30 스테이 클린,스플라스,예약가능
2026-04-29 10:33,2026.06,8,덕산,S30,S30 플렉스 클린A,스플라스,예약가능
2026-04-29 10:33,2026.06,8,덕산,S30,S30 스테이 콘도,스플라스,예약가능
2026-04-29 10:33,2026.06,8,덕산,S30,S30 플렉스 콘도C,스플라스,예약가능
2026-04-29 10:33,2026.06,8,덕산,S30,S30 플렉스 클린C,스플라스,예약가능
2026-04-29 10:33,2026.06,8,덕산,S30,S30 플렉스 클린B,스플라스,예약가능
2026-04-29 10:33,2026.06,9,덕산,S30,S30 스테이 클린,스플라스,예약가능
2026-04-29 10:33,2026.06,9,덕산,S30,S30 플렉스 클린A,스플라스,예약가능
2026-04-29 10:33,2026.06,9,덕산,S30,S30 스테이 콘도,스플라스,예약가능
2026-04-29 10:33,2026.06,9,덕산,S30,S30 플렉스 콘도C,스플라스,예약가능
2026-04-29 10:33,2026.06,9,덕산,S30,S30 플렉스 클린C,스플라스,예약가능
2026-04-29 10:33,2026.06,9,덕산,S30,S30 플렉스 클린B,스플라스,예약가능
2026-04-29 10:33,2026.06,10,덕산,S30,S30 스테이 클린,스플라스,예약가능
2026-04-29 10:33,2026.06,10,덕산,S30,S30 플렉스 클린A,스플라스,예약가능
2026-04-29 10:33,2026.06,10,덕산,S30,S30 스테이 콘도,스플라스,예약가능
2026-04-29 10:33,2026.06,10,덕산,S30,S30 플렉스 콘도C,스플라스,예약가능
2026-04-29 10:33,2026.06,10,덕산,S30,S30 플렉스 클린C,스플라스,예약가능
2026-04-29 10:33,2026.06,10,덕산,S30,S30 플렉스 클린B,스플라스,예약가능
2026-04-29 10:33,2026.06,11,덕산,S30,S30 스테이 클린,스플라스,예약가능
2026-04-29 10:33,2026.06,11,덕산,S30,S30 플렉스 클린A,스플라스,예약가능
2026-04-29 10:33,2026.06,11,덕산,S30,S30 스테이 콘도,스플라스,예약가능
2026-04-29 10:33,2026.06,11,덕산,S30,S30 플렉스 콘도C,스플라스,예약가능
2026-04-29 10:33,2026.06,11,덕산,S30,S30 플렉스 클린C,스플라스,예약가능
2026-04-29 10:33,2026.06,11,덕산,S30,S30 플렉스 클린B,스플라스,예약가능
2026-04-29 10:33,2026.06,12,덕산,S30,S30 스테이 클린,스플라스,예약가능
2026-04-29 10:33,2026.06,12,덕산,S30,S30 플렉스 클린C,스플라스,예약가능
2026-04-29 10:33,2026.06,13,덕산,S30,S30 플렉스 콘도C,스플라스,예약가능
2026-04-29 10:33,2026.06,14,덕산,S30,S30 스테이 클린,스플라스,예약가능
2026-04-29 10:33,2026.06,14,덕산,S30,S30 플렉스 클린A,스플라스,예약가능
2026-04-29 10:33,2026.06,14,덕산,S30,S30 스테이 콘도,스플라스,예약가능
2026-04-29 10:33,2026.06,14,덕산,S30,S30 플렉스 콘도C,스플라스,예약가능
2026-04-29 10:33,2026.06,14,덕산,S30,S30 플렉스 클린C,스플라스,예약가능
2026-04-29 10:33,2026.06,14,덕산,S30,S30 플렉스 클린B,스플라스,예약가능
2026-04-29 10:33,2026.06,15,덕산,S30,S30 스테이 클린,스플라스,예약가능
2026-04-29 10:33,2026.06,15,덕산,S30,S30 플렉스 클린A,스플라스,예약가능
2026-04-29 10:33,2026.06,15,덕산,S30,S30 스테이 콘도,스플라스,예약가능
2026-04-29 10:33,2026.06,15,덕산,S30,S30 플렉스 콘도C,스플라스,예약가능
2026-04-29 10:33,2026.06,15,덕산,S30,S30 플렉스 클린C,스플라스,예약가능
2026-04-29 10:33,2026.06,15,덕산,S30,S30 플렉스 클린B,스플라스,예약가능
2026-04-29 10:33,2026.06,16,덕산,S30,S30 스테이 클린,스플라스,예약가능
2026-04-29 10:33,2026.06,16,덕산,S30,S30 플렉스 클린A,스플라스,예약가능
2026-04-29 10:33,2026.06,16,덕산,S30,S30 스테이 콘도,스플라스,예약가능
2026-04-29 10:33,2026.06,16,덕산,S30,S30 플렉스 콘도C,스플라스,예약가능
2026-04-29 10:33,2026.06,16,덕산,S30,S30 플렉스 클린C,스플라스,예약가능
2026-04-29 10:33,2026.06,16,덕산,S30,S30 플렉스 클린B,스플라스,예약가능
2026-04-29 10:33,2026.06,17,덕산,S30,S30 스테이 클린,스플라스,예약가능
2026-04-29 10:33,2026.06,17,덕산,S30,S30 플렉스 클린A,스플라스,예약가능
2026-04-29 10:33,2026.06,17,덕산,S30,S30 스테이 콘도,스플라스,예약가능
2026-04-29 10:33,2026.06,17,덕산,S30,S30 플렉스 콘도C,스플라스,예약가능
2026-04-29 10:33,2026.06,17,덕산,S30,S30 플렉스 클린C,스플라스,예약가능
2026-04-29 10:33,2026.06,17,덕산,S30,S30 플렉스 클린B,스플라스,예약가능
2026-04-29 10:33,2026.06,18,덕산,S30,S30 스테이 클린,스플라스,예약가능
2026-04-29 10:33,2026.06,18,덕산,S30,S30 플렉스 클린A,스플라스,예약가능
2026-04-29 10:33,2026.06,18,덕산,S30,S30 스테이 콘도,스플라스,예약가능
2026-04-29 10:33,2026.06,18,덕산,S30,S30 플렉스 콘도C,스플라스,예약가능
2026-04-29 10:33,2026.06,18,덕산,S30,S30 플렉스 클린C,스플라스,예약가능
2026-04-29 10:33,2026.06,19,덕산,S30,S30 스테이 클린,스플라스,예약가능
2026-04-29 10:33,2026.06,21,덕산,S30,S30 스테이 클린,스플라스,예약가능
2026-04-29 10:33,2026.06,21,덕산,S30,S30 플렉스 클린A,스플라스,예약가능
2026-04-29 10:33,2026.06,21,덕산,S30,S30 스테이 콘도,스플라스,예약가능
2026-04-29 10:33,2026.06,21,덕산,S30,S30 플렉스 콘도C,스플라스,예약가능
2026-04-29 10:33,2026.06,21,덕산,S30,S30 플렉스 클린C,스플라스,예약가능
2026-04-29 10:33,2026.06,21,덕산,S30,S30 플렉스 클린B,스플라스,예약가능
2026-04-29 10:33,2026.06,22,덕산,S30,S30 스테이 클린,스플라스,예약가능
2026-04-29 10:33,2026.06,22,덕산,S30,S30 플렉스 클린A,스플라스,예약가능
2026-04-29 10:33,2026.06,22,덕산,S30,S30 스테이 콘도,스플라스,예약가능
2026-04-29 10:33,2026.06,22,덕산,S30,S30 플렉스 콘도C,스플라스,예약가능
2026-04-29 10:33,2026.06,22,덕산,S30,S30 플렉스 클린C,스플라스,예약가능
2026-04-29 10:33,2026.06,22,덕산,S30,S30 플렉스 클린B,스플라스,예약가능
2026-04-29 10:33,2026.06,23,덕산,S30,S30 스테이 클린,스플라스,예약가능
2026-04-29 10:33,2026.06,23,덕산,S30,S30 플렉스 클린A,스플라스,예약가능
2026-04-29 10:33,2026.06,23,덕산,S30,S30 스테이 콘도,스플라스,예약가능
2026-04-29 10:33,2026.06,23,덕산,S30,S30 플렉스 콘도C,스플라스,예약가능
2026-04-29 10:33,2026.06,23,덕산,S30,S30 플렉스 클린C,스플라스,예약가능
2026-04-29 10:33,2026.06,23,덕산,S30,S30 플렉스 클린B,스플라스,예약가능
2026-04-29 10:33,2026.06,24,덕산,S30,S30 스테이 클린,스플라스,예약가능
2026-04-29 10:33,2026.06,24,덕산,S30,S30 플렉스 클린A,스플라스,예약가능
2026-04-29 10:33,2026.06,24,덕산,S30,S30 스테이 콘도,스플라스,예약가능
2026-04-29 10:33,2026.06,24,덕산,S30,S30 플렉스 콘도C,스플라스,예약가능
2026-04-29 10:33,2026.06,24,덕산,S30,S30 플렉스 클린C,스플라스,예약가능
2026-04-29 10:33,2026.06,24,덕산,S30,S30 플렉스 클린B,스플라스,예약가능
2026-04-29 10:33,2026.06,25,덕산,S30,S30 스테이 클린,스플라스,예약가능
2026-04-29 10:33,2026.06,25,덕산,S30,S30 플렉스 클린A,스플라스,예약가능
2026-04-29 10:33,2026.06,25,덕산,S30,S30 스테이 콘도,스플라스,예약가능
2026-04-29 10:33,2026.06,25,덕산,S30,S30 플렉스 콘도C,스플라스,예약가능
2026-04-29 10:33,2026.06,25,덕산,S30,S30 플렉스 클린C,스플라스,예약가능
2026-04-29 10:33,2026.06,25,덕산,S30,S30 플렉스 클린B,스플라스,예약가능
2026-04-29 10:33,2026.06,26,덕산,S30,S30 스테이 클린,스플라스,예약가능
2026-04-29 10:33,2026.06,26,덕산,S30,S30 플렉스 클린A,스플라스,예약가능
2026-04-29 10:33,2026.06,26,덕산,S30,S30 스테이 콘도,스플라스,예약가능
2026-04-29 10:33,2026.06,26,덕산,S30,S30 플렉스 클린C,스플라스,예약가능
2026-04-29 10:33,2026.06,26,덕산,S30,S30 플렉스 클린B,스플라스,예약가능
2026-04-29 10:33,2026.06,28,덕산,S30,S30 스테이 클린,스플라스,예약가능
2026-04-29 10:33,2026.06,28,덕산,S30,S30 플렉스 클린A,스플라스,예약가능
2026-04-29 10:33,2026.06,28,덕산,S30,S30 스테이 콘도,스플라스,예약가능
2026-04-29 10:33,2026.06,28,덕산,S30,S30 플렉스 콘도C,스플라스,예약가능
2026-04-29 10:33,2026.06,28,덕산,S30,S30 플렉스 클린C,스플라스,예약가능
2026-04-29 10:33,2026.06,28,덕산,S30,S30 플렉스 클린B,스플라스,예약가능
2026-04-29 10:33,2026.06,29,덕산,S30,S30 스테이 클린,스플라스,예약가능
2026-04-29 10:33,2026.06,29,덕산,S30,S30 플렉스 클린A,스플라스,예약가능
2026-04-29 10:33,2026.06,29,덕산,S30,S30 플렉스 콘도C,스플라스,예약가능
2026-04-29 10:33,2026.06,29,덕산,S30,S30 플렉스 클린C,스플라스,예약가능
2026-04-29 10:33,2026.06,30,덕산,S30,S30 스테이 클린,스플라스,예약가능
2026-04-29 10:33,2026.06,30,덕산,S30,S30 플렉스 클린A,스플라스,예약가능
2026-04-29 10:33,2026.06,30,덕산,S30,S30 스테이 콘도,스플라스,예약가능
2026-04-29 10:33,2026.06,30,덕산,S30,S30 플렉스 콘도C,스플라스,예약가능
2026-04-29 10:33,2026.06,30,덕산,S30,S30 플렉스 클린C,스플라스,예약가능
2026-04-29 10:33,2026.06,30,덕산,S30,S30 플렉스 클린B,스플라스,예약가능
2026-04-29 10:33,2026.04,29,덕산,G40,G40 플렉스 클린,스플라스,예약가능
2026-04-29 10:33,2026.04,29,덕산,G40,G40 스테이 콘도,스플라스,예약가능
2026-04-29 10:33,2026.05,5,덕산,G40,G40 플렉스 클린,스플라스,예약가능
2026-04-29 10:33,2026.05,5,덕산,G40,G40 스테이 콘도,스플라스,예약가능
2026-04-29 10:33,2026.05,6,덕산,G40,G40 플렉스 클린,스플라스,예약가능
2026-04-29 10:33,2026.05,6,덕산,G40,G40 스테이 콘도,스플라스,예약가능
2026-04-29 10:33,2026.05,7,덕산,G40,G40 플렉스 클린,스플라스,예약가능
2026-04-29 10:33,2026.05,7,덕산,G40,G40 스테이 콘도,스플라스,예약가능
2026-04-29 10:33,2026.05,8,덕산,G40,G40 플렉스 클린,스플라스,예약가능
2026-04-29 10:33,2026.05,10,덕산,G40,G40 플렉스 클린,스플라스,예약가능
2026-04-29 10:33,2026.05,10,덕산,G40,G40 스테이 콘도,스플라스,예약가능
2026-04-29 10:33,2026.05,11,덕산,G40,G40 플렉스 클린,스플라스,예약가능
2026-04-29 10:33,2026.05,11,덕산,G40,G40 스테이 콘도,스플라스,예약가능
2026-04-29 10:33,2026.05,12,덕산,G40,G40 플렉스 클린,스플라스,예약가능
2026-04-29 10:33,2026.05,12,덕산,G40,G40 스테이 콘도,스플라스,예약가능
2026-04-29 10:33,2026.05,13,덕산,G40,G40 플렉스 클린,스플라스,예약가능
2026-04-29 10:33,2026.05,13,덕산,G40,G40 스테이 콘도,스플라스,예약가능
2026-04-29 10:33,2026.05,14,덕산,G40,G40 플렉스 클린,스플라스,예약가능
2026-04-29 10:33,2026.05,14,덕산,G40,G40 스테이 콘도,스플라스,예약가능
2026-04-29 10:33,2026.05,17,덕산,G40,G40 플렉스 클린,스플라스,예약가능
2026-04-29 10:33,2026.05,18,덕산,G40,G40 플렉스 클린,스플라스,예약가능
2026-04-29 10:33,2026.05,18,덕산,G40,G40 스테이 콘도,스플라스,예약가능
2026-04-29 10:33,2026.05,19,덕산,G40,G40 플렉스 클린,스플라스,예약가능
2026-04-29 10:33,2026.05,19,덕산,G40,G40 스테이 콘도,스플라스,예약가능
2026-04-29 10:33,2026.05,20,덕산,G40,G40 플렉스 클린,스플라스,예약가능
2026-04-29 10:33,2026.05,20,덕산,G40,G40 스테이 콘도,스플라스,예약가능
2026-04-29 10:33,2026.05,22,덕산,G40,G40 플렉스 클린,스플라스,예약가능
2026-04-29 10:33,2026.05,25,덕산,G40,G40 플렉스 클린,스플라스,예약가능
2026-04-29 10:33,2026.05,26,덕산,G40,G40 플렉스 클린,스플라스,예약가능
2026-04-29 10:33,2026.05,26,덕산,G40,G40 스테이 콘도,스플라스,예약가능
2026-04-29 10:33,2026.05,27,덕산,G40,G40 플렉스 클린,스플라스,예약가능
2026-04-29 10:33,2026.05,27,덕산,G40,G40 스테이 콘도,스플라스,예약가능
2026-04-29 10:33,2026.05,28,덕산,G40,G40 플렉스 클린,스플라스,예약가능
2026-04-29 10:33,2026.05,28,덕산,G40,G40 스테이 콘도,스플라스,예약가능
2026-04-29 10:33,2026.05,31,덕산,G40,G40 플렉스 클린,스플라스,예약가능
2026-04-29 10:33,2026.05,31,덕산,G40,G40 스테이 콘도,스플라스,예약가능
2026-04-29 10:34,2026.06,1,덕산,G40,G40 플렉스 클린,스플라스,예약가능
2026-04-29 10:34,2026.06,1,덕산,G40,G40 스테이 콘도,스플라스,예약가능
2026-04-29 10:34,2026.06,2,덕산,G40,G40 플렉스 클린,스플라스,예약가능
2026-04-29 10:34,2026.06,2,덕산,G40,G40 스테이 콘도,스플라스,예약가능
2026-04-29 10:34,2026.06,3,덕산,G40,G40 플렉스 클린,스플라스,예약가능
2026-04-29 10:34,2026.06,3,덕산,G40,G40 스테이 콘도,스플라스,예약가능
2026-04-29 10:34,2026.06,4,덕산,G40,G40 플렉스 클린,스플라스,예약가능
2026-04-29 10:34,2026.06,4,덕산,G40,G40 스테이 콘도,스플라스,예약가능
2026-04-29 10:34,2026.06,7,덕산,G40,G40 스테이 콘도,스플라스,예약가능
2026-04-29 10:34,2026.06,8,덕산,G40,G40 플렉스 클린,스플라스,예약가능
2026-04-29 10:34,2026.06,8,덕산,G40,G40 스테이 콘도,스플라스,예약가능
2026-04-29 10:34,2026.06,9,덕산,G40,G40 플렉스 클린,스플라스,예약가능
2026-04-29 10:34,2026.06,9,덕산,G40,G40 스테이 콘도,스플라스,예약가능
2026-04-29 10:34,2026.06,10,덕산,G40,G40 스테이 콘도,스플라스,예약가능
2026-04-29 10:34,2026.06,11,덕산,G40,G40 스테이 콘도,스플라스,예약가능
2026-04-29 10:34,2026.06,14,덕산,G40,G40 플렉스 클린,스플라스,예약가능
2026-04-29 10:34,2026.06,15,덕산,G40,G40 플렉스 클린,스플라스,예약가능
2026-04-29 10:34,2026.06,15,덕산,G40,G40 스테이 콘도,스플라스,예약가능
2026-04-29 10:34,2026.06,16,덕산,G40,G40 플렉스 클린,스플라스,예약가능
2026-04-29 10:34,2026.06,16,덕산,G40,G40 스테이 콘도,스플라스,예약가능
2026-04-29 10:34,2026.06,17,덕산,G40,G40 스테이 콘도,스플라스,예약가능
2026-04-29 10:34,2026.06,18,덕산,G40,G40 스테이 콘도,스플라스,예약가능
2026-04-29 10:34,2026.06,22,덕산,G40,G40 플렉스 클린,스플라스,예약가능
2026-04-29 10:34,2026.06,22,덕산,G40,G40 스테이 콘도,스플라스,예약가능
2026-04-29 10:34,2026.06,23,덕산,G40,G40 플렉스 클린,스플라스,예약가능
2026-04-29 10:34,2026.06,23,덕산,G40,G40 스테이 콘도,스플라스,예약가능
2026-04-29 10:34,2026.06,24,덕산,G40,G40 플렉스 클린,스플라스,예약가능
2026-04-29 10:34,2026.06,24,덕산,G40,G40 스테이 콘도,스플라스,예약가능
2026-04-29 10:34,2026.06,25,덕산,G40,G40 플렉스 클린,스플라스,예약가능
2026-04-29 10:34,2026.06,25,덕산,G40,G40 스테이 콘도,스플라스,예약가능
2026-04-29 10:34,2026.06,28,덕산,G40,G40 플렉스 클린,스플라스,예약가능
2026-04-29 10:34,2026.06,28,덕산,G40,G40 스테이 콘도,스플라스,예약가능
2026-04-29 10:34,2026.06,29,덕산,G40,G40 스테이 콘도,스플라스,예약가능
2026-04-29 10:34,2026.06,30,덕산,G40,G40 플렉스 클린,스플라스,예약가능
2026-04-29 10:34,2026.06,30,덕산,G40,G40 스테이 콘도,스플라스,예약가능
2026-04-29 10:34,2026.04,29,덕산,G50,G50 스테이 콘도,스플라스,예약가능
2026-04-29 10:34,2026.04,29,덕산,G50,G50 플렉스 클린,스플라스,예약가능
2026-04-29 10:34,2026.05,4,덕산,G50,G50 플렉스 클린,스플라스,예약가능
2026-04-29 10:34,2026.05,5,덕산,G50,G50 스테이 콘도,스플라스,예약가능
2026-04-29 10:34,2026.05,5,덕산,G50,G50 플렉스 클린,스플라스,예약가능
2026-04-29 10:34,2026.05,6,덕산,G50,G50 스테이 콘도,스플라스,예약가능
2026-04-29 10:34,2026.05,6,덕산,G50,G50 플렉스 클린,스플라스,예약가능
2026-04-29 10:34,2026.05,7,덕산,G50,G50 플렉스 클린,스플라스,예약가능
2026-04-29 10:34,2026.05,8,덕산,G50,G50 플렉스 클린,스플라스,예약가능
2026-04-29 10:34,2026.05,10,덕산,G50,G50 플렉스 클린,스플라스,예약가능
2026-04-29 10:34,2026.05,11,덕산,G50,G50 스테이 콘도,스플라스,예약가능
2026-04-29 10:34,2026.05,11,덕산,G50,G50 플렉스 클린,스플라스,예약가능
2026-04-29 10:34,2026.05,12,덕산,G50,G50 스테이 콘도,스플라스,예약가능
2026-04-29 10:34,2026.05,12,덕산,G50,G50 플렉스 클린,스플라스,예약가능
2026-04-29 10:34,2026.05,13,덕산,G50,G50 스테이 콘도,스플라스,예약가능
2026-04-29 10:34,2026.05,13,덕산,G50,G50 플렉스 클린,스플라스,예약가능
2026-04-29 10:34,2026.05,14,덕산,G50,G50 스테이 콘도,스플라스,예약가능
2026-04-29 10:34,2026.05,14,덕산,G50,G50 플렉스 클린,스플라스,예약가능
2026-04-29 10:34,2026.05,17,덕산,G50,G50 스테이 콘도,스플라스,예약가능
2026-04-29 10:34,2026.05,17,덕산,G50,G50 플렉스 클린,스플라스,예약가능
2026-04-29 10:34,2026.05,18,덕산,G50,G50 스테이 콘도,스플라스,예약가능
2026-04-29 10:34,2026.05,18,덕산,G50,G50 플렉스 클린,스플라스,예약가능
2026-04-29 10:34,2026.05,19,덕산,G50,G50 스테이 콘도,스플라스,예약가능
2026-04-29 10:34,2026.05,19,덕산,G50,G50 플렉스 클린,스플라스,예약가능
2026-04-29 10:34,2026.05,20,덕산,G50,G50 스테이 콘도,스플라스,예약가능
2026-04-29 10:34,2026.05,20,덕산,G50,G50 플렉스 클린,스플라스,예약가능
2026-04-29 10:34,2026.05,21,덕산,G50,G50 플렉스 클린,스플라스,예약가능
2026-04-29 10:34,2026.05,25,덕산,G50,G50 스테이 콘도,스플라스,예약가능
2026-04-29 10:34,2026.05,25,덕산,G50,G50 플렉스 클린,스플라스,예약가능
2026-04-29 10:34,2026.05,26,덕산,G50,G50 스테이 콘도,스플라스,예약가능
2026-04-29 10:34,2026.05,26,덕산,G50,G50 플렉스 클린,스플라스,예약가능
2026-04-29 10:34,2026.05,27,덕산,G50,G50 스테이 콘도,스플라스,예약가능
2026-04-29 10:34,2026.05,27,덕산,G50,G50 플렉스 클린,스플라스,예약가능
2026-04-29 10:34,2026.05,28,덕산,G50,G50 플렉스 클린,스플라스,예약가능
2026-04-29 10:34,2026.05,31,덕산,G50,G50 스테이 콘도,스플라스,예약가능
2026-04-29 10:34,2026.05,31,덕산,G50,G50 플렉스 클린,스플라스,예약가능
2026-04-29 10:34,2026.06,1,덕산,G50,G50 스테이 콘도,스플라스,예약가능
2026-04-29 10:34,2026.06,1,덕산,G50,G50 플렉스 클린,스플라스,예약가능
2026-04-29 10:34,2026.06,2,덕산,G50,G50 스테이 콘도,스플라스,예약가능
2026-04-29 10:34,2026.06,2,덕산,G50,G50 플렉스 클린,스플라스,예약가능
2026-04-29 10:34,2026.06,3,덕산,G50,G50 스테이 콘도,스플라스,예약가능
2026-04-29 10:34,2026.06,3,덕산,G50,G50 플렉스 클린,스플라스,예약가능
2026-04-29 10:34,2026.06,4,덕산,G50,G50 스테이 콘도,스플라스,예약가능
2026-04-29 10:34,2026.06,4,덕산,G50,G50 플렉스 클린,스플라스,예약가능
2026-04-29 10:34,2026.06,5,덕산,G50,G50 스테이 콘도,스플라스,예약가능
2026-04-29 10:34,2026.06,5,덕산,G50,G50 플렉스 클린,스플라스,예약가능
2026-04-29 10:34,2026.06,7,덕산,G50,G50 스테이 콘도,스플라스,예약가능
2026-04-29 10:34,2026.06,7,덕산,G50,G50 플렉스 클린,스플라스,예약가능
2026-04-29 10:34,2026.06,8,덕산,G50,G50 스테이 콘도,스플라스,예약가능
2026-04-29 10:34,2026.06,8,덕산,G50,G50 플렉스 클린,스플라스,예약가능
2026-04-29 10:34,2026.06,9,덕산,G50,G50 스테이 콘도,스플라스,예약가능
2026-04-29 10:34,2026.06,9,덕산,G50,G50 플렉스 클린,스플라스,예약가능
2026-04-29 10:34,2026.06,10,덕산,G50,G50 스테이 콘도,스플라스,예약가능
2026-04-29 10:34,2026.06,10,덕산,G50,G50 플렉스 클린,스플라스,예약가능
2026-04-29 10:34,2026.06,11,덕산,G50,G50 스테이 콘도,스플라스,예약가능
2026-04-29 10:34,2026.06,11,덕산,G50,G50 플렉스 클린,스플라스,예약가능
2026-04-29 10:34,2026.06,14,덕산,G50,G50 플렉스 클린,스플라스,예약가능
2026-04-29 10:34,2026.06,15,덕산,G50,G50 플렉스 클린,스플라스,예약가능
2026-04-29 10:34,2026.06,16,덕산,G50,G50 스테이 콘도,스플라스,예약가능
2026-04-29 10:34,2026.06,16,덕산,G50,G50 플렉스 클린,스플라스,예약가능
2026-04-29 10:34,2026.06,17,덕산,G50,G50 스테이 콘도,스플라스,예약가능
2026-04-29 10:34,2026.06,17,덕산,G50,G50 플렉스 클린,스플라스,예약가능
2026-04-29 10:34,2026.06,18,덕산,G50,G50 스테이 콘도,스플라스,예약가능
2026-04-29 10:34,2026.06,18,덕산,G50,G50 플렉스 클린,스플라스,예약가능
2026-04-29 10:34,2026.06,21,덕산,G50,G50 플렉스 클린,스플라스,예약가능
2026-04-29 10:34,2026.06,22,덕산,G50,G50 스테이 콘도,스플라스,예약가능
2026-04-29 10:34,2026.06,22,덕산,G50,G50 플렉스 클린,스플라스,예약가능
2026-04-29 10:34,2026.06,23,덕산,G50,G50 스테이 콘도,스플라스,예약가능
2026-04-29 10:34,2026.06,23,덕산,G50,G50 플렉스 클린,스플라스,예약가능
2026-04-29 10:34,2026.06,24,덕산,G50,G50 스테이 콘도,스플라스,예약가능
2026-04-29 10:34,2026.06,24,덕산,G50,G50 플렉스 클린,스플라스,예약가능
2026-04-29 10:34,2026.06,25,덕산,G50,G50 스테이 콘도,스플라스,예약가능
2026-04-29 10:34,2026.06,25,덕산,G50,G50 플렉스 클린,스플라스,예약가능
2026-04-29 10:34,2026.06,26,덕산,G50,G50 플렉스 클린,스플라스,예약가능
2026-04-29 10:34,2026.06,28,덕산,G50,G50 플렉스 클린,스플라스,예약가능
2026-04-29 10:34,2026.06,29,덕산,G50,G50 스테이 콘도,스플라스,예약가능
2026-04-29 10:34,2026.06,29,덕산,G50,G50 플렉스 클린,스플라스,예약가능
2026-04-29 10:34,2026.06,30,덕산,G50,G50 스테이 콘도,스플라스,예약가능
2026-04-29 10:34,2026.06,30,덕산,G50,G50 플렉스 클린,스플라스,예약가능
2026-04-29 10:35,2026.05,5,안면도,S20,S20 타워 클린,아일랜드,예약가능
2026-04-29 10:35,2026.05,5,안면도,S20,S20 타워 콘도 케어,아일랜드,예약가능
2026-04-29 10:35,2026.05,5,안면도,S20,S20 타워 콘도,아일랜드,예약가능
2026-04-29 10:35,2026.05,6,안면도,S20,S20 타워 클린,아일랜드,예약가능
2026-04-29 10:35,2026.05,6,안면도,S20,S20 타워 콘도 케어,아일랜드,예약가능
2026-04-29 10:35,2026.05,6,안면도,S20,S20 타워 콘도,아일랜드,예약가능
2026-04-29 10:35,2026.05,7,안면도,S20,S20 타워 클린,아일랜드,예약가능
2026-04-29 10:35,2026.05,7,안면도,S20,S20 타워 콘도 케어,아일랜드,예약가능
2026-04-29 10:35,2026.05,7,안면도,S20,S20 타워 콘도,아일랜드,예약가능
2026-04-29 10:35,2026.05,8,안면도,S20,S20 타워 클린,아일랜드,예약가능
2026-04-29 10:35,2026.05,8,안면도,S20,S20 타워 콘도,아일랜드,예약가능
2026-04-29 10:35,2026.05,10,안면도,S20,S20 타워 콘도 케어,아일랜드,예약가능
2026-04-29 10:35,2026.05,11,안면도,S20,S20 타워 클린,아일랜드,예약가능
2026-04-29 10:35,2026.05,11,안면도,S20,S20 타워 콘도 케어,아일랜드,예약가능
2026-04-29 10:35,2026.05,11,안면도,S20,S20 타워 콘도,아일랜드,예약가능
2026-04-29 10:35,2026.05,12,안면도,S20,S20 타워 콘도 케어,아일랜드,예약가능
2026-04-29 10:35,2026.05,13,안면도,S20,S20 타워 클린,아일랜드,예약가능
2026-04-29 10:35,2026.05,13,안면도,S20,S20 타워 콘도 케어,아일랜드,예약가능
2026-04-29 10:35,2026.05,13,안면도,S20,S20 타워 콘도,아일랜드,예약가능
2026-04-29 10:35,2026.05,14,안면도,S20,S20 타워 콘도 케어,아일랜드,예약가능
2026-04-29 10:35,2026.05,21,안면도,S20,S20 타워 콘도 케어,아일랜드,예약가능
2026-04-29 10:35,2026.05,25,안면도,S20,S20 타워 클린,아일랜드,예약가능
2026-04-29 10:35,2026.05,25,안면도,S20,S20 타워 콘도 케어,아일랜드,예약가능
2026-04-29 10:35,2026.05,25,안면도,S20,S20 타워 콘도,아일랜드,예약가능
2026-04-29 10:35,2026.05,26,안면도,S20,S20 타워 클린,아일랜드,예약가능
2026-04-29 10:35,2026.05,26,안면도,S20,S20 타워 콘도 케어,아일랜드,예약가능
2026-04-29 10:35,2026.05,26,안면도,S20,S20 타워 콘도,아일랜드,예약가능
2026-04-29 10:35,2026.05,27,안면도,S20,S20 타워 클린,아일랜드,예약가능
2026-04-29 10:35,2026.05,27,안면도,S20,S20 타워 콘도 케어,아일랜드,예약가능
2026-04-29 10:35,2026.05,28,안면도,S20,S20 타워 콘도 케어,아일랜드,예약가능
2026-04-29 10:35,2026.05,31,안면도,S20,S20 타워 콘도 케어,아일랜드,예약가능
2026-04-29 10:35,2026.06,1,안면도,S20,S20 타워 클린,아일랜드,예약가능
2026-04-29 10:35,2026.06,1,안면도,S20,S20 타워 콘도 케어,아일랜드,예약가능
2026-04-29 10:35,2026.06,1,안면도,S20,S20 타워 콘도,아일랜드,예약가능
2026-04-29 10:35,2026.06,2,안면도,S20,S20 타워 클린,아일랜드,예약가능
2026-04-29 10:35,2026.06,2,안면도,S20,S20 타워 콘도 케어,아일랜드,예약가능
2026-04-29 10:35,2026.06,2,안면도,S20,S20 타워 콘도,아일랜드,예약가능
2026-04-29 10:35,2026.06,3,안면도,S20,S20 타워 클린,아일랜드,예약가능
2026-04-29 10:35,2026.06,3,안면도,S20,S20 타워 콘도 케어,아일랜드,예약가능
2026-04-29 10:35,2026.06,3,안면도,S20,S20 타워 콘도,아일랜드,예약가능
2026-04-29 10:35,2026.06,4,안면도,S20,S20 타워 클린,아일랜드,예약가능
2026-04-29 10:35,2026.06,4,안면도,S20,S20 타워 콘도 케어,아일랜드,예약가능
2026-04-29 10:35,2026.06,4,안면도,S20,S20 타워 콘도,아일랜드,예약가능
2026-04-29 10:35,2026.06,7,안면도,S20,S20 타워 클린,아일랜드,예약가능
2026-04-29 10:35,2026.06,7,안면도,S20,S20 타워 콘도 케어,아일랜드,예약가능
2026-04-29 10:35,2026.06,8,안면도,S20,S20 타워 클린,아일랜드,예약가능
2026-04-29 10:35,2026.06,8,안면도,S20,S20 타워 콘도 케어,아일랜드,예약가능
2026-04-29 10:35,2026.06,8,안면도,S20,S20 타워 콘도,아일랜드,예약가능
2026-04-29 10:35,2026.06,9,안면도,S20,S20 타워 클린,아일랜드,예약가능
2026-04-29 10:35,2026.06,9,안면도,S20,S20 타워 콘도 케어,아일랜드,예약가능
2026-04-29 10:35,2026.06,9,안면도,S20,S20 타워 콘도,아일랜드,예약가능
2026-04-29 10:35,2026.06,10,안면도,S20,S20 타워 클린,아일랜드,예약가능
2026-04-29 10:35,2026.06,10,안면도,S20,S20 타워 콘도 케어,아일랜드,예약가능
2026-04-29 10:35,2026.06,10,안면도,S20,S20 타워 콘도,아일랜드,예약가능
2026-04-29 10:35,2026.06,11,안면도,S20,S20 타워 콘도 케어,아일랜드,예약가능
2026-04-29 10:35,2026.06,11,안면도,S20,S20 타워 콘도,아일랜드,예약가능
2026-04-29 10:35,2026.06,14,안면도,S20,S20 타워 콘도 케어,아일랜드,예약가능
2026-04-29 10:35,2026.06,14,안면도,S20,S20 타워 콘도,아일랜드,예약가능
2026-04-29 10:35,2026.06,15,안면도,S20,S20 타워 콘도 케어,아일랜드,예약가능
2026-04-29 10:35,2026.06,15,안면도,S20,S20 타워 콘도,아일랜드,예약가능
2026-04-29 10:35,2026.06,16,안면도,S20,S20 타워 클린,아일랜드,예약가능
2026-04-29 10:35,2026.06,16,안면도,S20,S20 타워 콘도 케어,아일랜드,예약가능
2026-04-29 10:35,2026.06,16,안면도,S20,S20 타워 콘도,아일랜드,예약가능
2026-04-29 10:35,2026.06,17,안면도,S20,S20 타워 콘도 케어,아일랜드,예약가능
2026-04-29 10:35,2026.06,17,안면도,S20,S20 타워 콘도,아일랜드,예약가능
2026-04-29 10:35,2026.06,21,안면도,S20,S20 타워 클린,아일랜드,예약가능
2026-04-29 10:35,2026.06,21,안면도,S20,S20 타워 콘도 케어,아일랜드,예약가능
2026-04-29 10:35,2026.06,21,안면도,S20,S20 타워 콘도,아일랜드,예약가능
2026-04-29 10:35,2026.06,22,안면도,S20,S20 타워 클린,아일랜드,예약가능
2026-04-29 10:35,2026.06,22,안면도,S20,S20 타워 콘도 케어,아일랜드,예약가능
2026-04-29 10:35,2026.06,22,안면도,S20,S20 타워 콘도,아일랜드,예약가능
2026-04-29 10:35,2026.06,23,안면도,S20,S20 타워 클린,아일랜드,예약가능
2026-04-29 10:35,2026.06,23,안면도,S20,S20 타워 콘도 케어,아일랜드,예약가능
2026-04-29 10:35,2026.06,23,안면도,S20,S20 타워 콘도,아일랜드,예약가능
2026-04-29 10:35,2026.06,24,안면도,S20,S20 타워 클린,아일랜드,예약가능
2026-04-29 10:35,2026.06,24,안면도,S20,S20 타워 콘도 케어,아일랜드,예약가능
2026-04-29 10:35,2026.06,24,안면도,S20,S20 타워 콘도,아일랜드,예약가능
2026-04-29 10:35,2026.06,25,안면도,S20,S20 타워 클린,아일랜드,예약가능
2026-04-29 10:35,2026.06,25,안면도,S20,S20 타워 콘도 케어,아일랜드,예약가능
2026-04-29 10:35,2026.06,25,안면도,S20,S20 타워 콘도,아일랜드,예약가능
2026-04-29 10:35,2026.06,28,안면도,S20,S20 타워 콘도 케어,아일랜드,예약가능
2026-04-29 10:35,2026.06,28,안면도,S20,S20 타워 콘도,아일랜드,예약가능
2026-04-29 10:35,2026.06,29,안면도,S20,S20 타워 클린,아일랜드,예약가능
2026-04-29 10:35,2026.06,29,안면도,S20,S20 타워 콘도 케어,아일랜드,예약가능
2026-04-29 10:35,2026.06,29,안면도,S20,S20 타워 콘도,아일랜드,예약가능
2026-04-29 10:35,2026.06,30,안면도,S20,S20 타워 클린,아일랜드,예약가능
2026-04-29 10:35,2026.06,30,안면도,S20,S20 타워 콘도 케어,아일랜드,예약가능
2026-04-29 10:35,2026.06,30,안면도,S20,S20 타워 콘도,아일랜드,예약가능
2026-04-29 10:35,2026.04,29,안면도,S25,S25 타워 키즈,아일랜드,예약가능
2026-04-29 10:35,2026.04,29,안면도,S25,S25 타워 클린 케어,아일랜드,예약가능
2026-04-29 10:35,2026.05,5,안면도,S25,S25 타워 키즈,아일랜드,예약가능
2026-04-29 10:35,2026.05,5,안면도,S25,S25 타워 콘도,아일랜드,예약가능
2026-04-29 10:35,2026.05,6,안면도,S25,S25 타워 키즈,아일랜드,예약가능
2026-04-29 10:35,2026.05,6,안면도,S25,S25 타워 콘도 케어,아일랜드,예약가능
2026-04-29 10:35,2026.05,6,안면도,S25,S25 타워 클린 케어,아일랜드,예약가능
2026-04-29 10:35,2026.05,6,안면도,S25,S25 타워 콘도,아일랜드,예약가능
2026-04-29 10:35,2026.05,6,안면도,S25,S25 타워 클린,아일랜드,예약가능
2026-04-29 10:35,2026.05,7,안면도,S25,S25 타워 키즈,아일랜드,예약가능
2026-04-29 10:35,2026.05,7,안면도,S25,S25 타워 콘도 케어,아일랜드,예약가능
2026-04-29 10:35,2026.05,7,안면도,S25,S25 타워 클린 케어,아일랜드,예약가능
2026-04-29 10:35,2026.05,7,안면도,S25,S25 타워 클린,아일랜드,예약가능
2026-04-29 10:35,2026.05,8,안면도,S25,S25 타워 키즈,아일랜드,예약가능
2026-04-29 10:35,2026.05,8,안면도,S25,S25 타워 클린,아일랜드,예약가능
2026-04-29 10:35,2026.05,10,안면도,S25,S25 타워 콘도,아일랜드,예약가능
2026-04-29 10:35,2026.05,11,안면도,S25,S25 타워 키즈,아일랜드,예약가능
2026-04-29 10:35,2026.05,11,안면도,S25,S25 타워 클린,아일랜드,예약가능
2026-04-29 10:35,2026.05,12,안면도,S25,S25 타워 키즈,아일랜드,예약가능
2026-04-29 10:35,2026.05,12,안면도,S25,S25 타워 콘도 케어,아일랜드,예약가능
2026-04-29 10:35,2026.05,12,안면도,S25,S25 타워 클린 케어,아일랜드,예약가능
2026-04-29 10:35,2026.05,13,안면도,S25,S25 타워 키즈,아일랜드,예약가능
2026-04-29 10:35,2026.05,14,안면도,S25,S25 타워 키즈,아일랜드,예약가능
2026-04-29 10:35,2026.05,14,안면도,S25,S25 타워 클린 케어,아일랜드,예약가능
2026-04-29 10:35,2026.05,15,안면도,S25,S25 타워 클린,아일랜드,예약가능
2026-04-29 10:35,2026.05,17,안면도,S25,S25 타워 클린,아일랜드,예약가능
2026-04-29 10:35,2026.05,18,안면도,S25,S25 타워 키즈,아일랜드,예약가능
2026-04-29 10:35,2026.05,19,안면도,S25,S25 타워 키즈,아일랜드,예약가능
2026-04-29 10:35,2026.05,19,안면도,S25,S25 타워 클린 케어,아일랜드,예약가능
2026-04-29 10:35,2026.05,20,안면도,S25,S25 타워 키즈,아일랜드,예약가능
2026-04-29 10:35,2026.05,20,안면도,S25,S25 타워 콘도 케어,아일랜드,예약가능
2026-04-29 10:35,2026.05,20,안면도,S25,S25 타워 클린 케어,아일랜드,예약가능
2026-04-29 10:35,2026.05,21,안면도,S25,S25 타워 키즈,아일랜드,예약가능
2026-04-29 10:35,2026.05,25,안면도,S25,S25 타워 키즈,아일랜드,예약가능
2026-04-29 10:35,2026.05,25,안면도,S25,S25 타워 클린,아일랜드,예약가능
2026-04-29 10:35,2026.05,26,안면도,S25,S25 타워 키즈,아일랜드,예약가능
2026-04-29 10:35,2026.05,26,안면도,S25,S25 타워 클린 케어,아일랜드,예약가능
2026-04-29 10:35,2026.05,27,안면도,S25,S25 타워 키즈,아일랜드,예약가능
2026-04-29 10:35,2026.05,27,안면도,S25,S25 타워 콘도 케어,아일랜드,예약가능
2026-04-29 10:35,2026.05,27,안면도,S25,S25 타워 클린 케어,아일랜드,예약가능
2026-04-29 10:35,2026.05,27,안면도,S25,S25 타워 콘도,아일랜드,예약가능
2026-04-29 10:35,2026.05,28,안면도,S25,S25 타워 키즈,아일랜드,예약가능
2026-04-29 10:35,2026.05,28,안면도,S25,S25 타워 콘도 케어,아일랜드,예약가능
2026-04-29 10:35,2026.05,28,안면도,S25,S25 타워 클린 케어,아일랜드,예약가능
2026-04-29 10:35,2026.05,28,안면도,S25,S25 타워 콘도,아일랜드,예약가능
2026-04-29 10:35,2026.06,1,안면도,S25,S25 타워 키즈,아일랜드,예약가능
2026-04-29 10:35,2026.06,1,안면도,S25,S25 타워 콘도 케어,아일랜드,예약가능
2026-04-29 10:35,2026.06,1,안면도,S25,S25 타워 클린 케어,아일랜드,예약가능
2026-04-29 10:35,2026.06,2,안면도,S25,S25 타워 키즈,아일랜드,예약가능
2026-04-29 10:35,2026.06,2,안면도,S25,S25 타워 콘도,아일랜드,예약가능
2026-04-29 10:35,2026.06,4,안면도,S25,S25 타워 키즈,아일랜드,예약가능
2026-04-29 10:35,2026.06,7,안면도,S25,S25 타워 키즈,아일랜드,예약가능
2026-04-29 10:35,2026.06,7,안면도,S25,S25 타워 콘도 케어,아일랜드,예약가능
2026-04-29 10:35,2026.06,7,안면도,S25,S25 타워 콘도,아일랜드,예약가능
2026-04-29 10:35,2026.06,8,안면도,S25,S25 타워 키즈,아일랜드,예약가능
2026-04-29 10:35,2026.06,8,안면도,S25,S25 타워 콘도 케어,아일랜드,예약가능
2026-04-29 10:35,2026.06,8,안면도,S25,S25 타워 클린 케어,아일랜드,예약가능
2026-04-29 10:35,2026.06,8,안면도,S25,S25 타워 콘도,아일랜드,예약가능
2026-04-29 10:35,2026.06,8,안면도,S25,S25 타워 클린,아일랜드,예약가능
2026-04-29 10:35,2026.06,9,안면도,S25,S25 타워 키즈,아일랜드,예약가능
2026-04-29 10:35,2026.06,9,안면도,S25,S25 타워 콘도 케어,아일랜드,예약가능
2026-04-29 10:35,2026.06,9,안면도,S25,S25 타워 클린 케어,아일랜드,예약가능
2026-04-29 10:35,2026.06,10,안면도,S25,S25 타워 키즈,아일랜드,예약가능
2026-04-29 10:35,2026.06,10,안면도,S25,S25 타워 콘도 케어,아일랜드,예약가능
2026-04-29 10:35,2026.06,10,안면도,S25,S25 타워 클린 케어,아일랜드,예약가능
2026-04-29 10:35,2026.06,10,안면도,S25,S25 타워 콘도,아일랜드,예약가능
2026-04-29 10:35,2026.06,10,안면도,S25,S25 타워 클린,아일랜드,예약가능
2026-04-29 10:35,2026.06,11,안면도,S25,S25 타워 키즈,아일랜드,예약가능
2026-04-29 10:35,2026.06,11,안면도,S25,S25 타워 콘도 케어,아일랜드,예약가능
2026-04-29 10:35,2026.06,11,안면도,S25,S25 타워 클린 케어,아일랜드,예약가능
2026-04-29 10:35,2026.06,14,안면도,S25,S25 타워 키즈,아일랜드,예약가능
2026-04-29 10:35,2026.06,15,안면도,S25,S25 타워 키즈,아일랜드,예약가능
2026-04-29 10:35,2026.06,15,안면도,S25,S25 타워 클린 케어,아일랜드,예약가능
2026-04-29 10:35,2026.06,15,안면도,S25,S25 타워 콘도,아일랜드,예약가능
2026-04-29 10:35,2026.06,15,안면도,S25,S25 타워 클린,아일랜드,예약가능
2026-04-29 10:35,2026.06,16,안면도,S25,S25 타워 키즈,아일랜드,예약가능
2026-04-29 10:35,2026.06,16,안면도,S25,S25 타워 콘도 케어,아일랜드,예약가능
2026-04-29 10:35,2026.06,16,안면도,S25,S25 타워 클린 케어,아일랜드,예약가능
2026-04-29 10:35,2026.06,17,안면도,S25,S25 타워 키즈,아일랜드,예약가능
2026-04-29 10:35,2026.06,17,안면도,S25,S25 타워 클린 케어,아일랜드,예약가능
2026-04-29 10:35,2026.06,18,안면도,S25,S25 타워 키즈,아일랜드,예약가능
2026-04-29 10:35,2026.06,21,안면도,S25,S25 타워 키즈,아일랜드,예약가능
2026-04-29 10:35,2026.06,21,안면도,S25,S25 타워 클린 케어,아일랜드,예약가능
2026-04-29 10:35,2026.06,21,안면도,S25,S25 타워 콘도,아일랜드,예약가능
2026-04-29 10:35,2026.06,22,안면도,S25,S25 타워 키즈,아일랜드,예약가능
2026-04-29 10:35,2026.06,23,안면도,S25,S25 타워 키즈,아일랜드,예약가능
2026-04-29 10:35,2026.06,23,안면도,S25,S25 타워 콘도 케어,아일랜드,예약가능
2026-04-29 10:35,2026.06,23,안면도,S25,S25 타워 클린 케어,아일랜드,예약가능
2026-04-29 10:35,2026.06,23,안면도,S25,S25 타워 콘도,아일랜드,예약가능
2026-04-29 10:35,2026.06,23,안면도,S25,S25 타워 클린,아일랜드,예약가능
2026-04-29 10:35,2026.06,24,안면도,S25,S25 타워 키즈,아일랜드,예약가능
2026-04-29 10:35,2026.06,24,안면도,S25,S25 타워 콘도 케어,아일랜드,예약가능
2026-04-29 10:35,2026.06,24,안면도,S25,S25 타워 클린 케어,아일랜드,예약가능
2026-04-29 10:35,2026.06,24,안면도,S25,S25 타워 콘도,아일랜드,예약가능
2026-04-29 10:35,2026.06,24,안면도,S25,S25 타워 클린,아일랜드,예약가능
2026-04-29 10:35,2026.06,25,안면도,S25,S25 타워 키즈,아일랜드,예약가능
2026-04-29 10:35,2026.06,25,안면도,S25,S25 타워 콘도 케어,아일랜드,예약가능
2026-04-29 10:35,2026.06,25,안면도,S25,S25 타워 클린 케어,아일랜드,예약가능
2026-04-29 10:35,2026.06,25,안면도,S25,S25 타워 콘도,아일랜드,예약가능
2026-04-29 10:35,2026.06,25,안면도,S25,S25 타워 클린,아일랜드,예약가능
2026-04-29 10:35,2026.06,28,안면도,S25,S25 타워 키즈,아일랜드,예약가능
2026-04-29 10:35,2026.06,28,안면도,S25,S25 타워 콘도 케어,아일랜드,예약가능
2026-04-29 10:35,2026.06,28,안면도,S25,S25 타워 클린 케어,아일랜드,예약가능
2026-04-29 10:35,2026.06,28,안면도,S25,S25 타워 콘도,아일랜드,예약가능
2026-04-29 10:35,2026.06,29,안면도,S25,S25 타워 키즈,아일랜드,예약가능
2026-04-29 10:35,2026.06,29,안면도,S25,S25 타워 콘도 케어,아일랜드,예약가능
2026-04-29 10:35,2026.06,29,안면도,S25,S25 타워 클린 케어,아일랜드,예약가능
2026-04-29 10:35,2026.06,29,안면도,S25,S25 타워 콘도,아일랜드,예약가능
2026-04-29 10:35,2026.06,29,안면도,S25,S25 타워 클린,아일랜드,예약가능
2026-04-29 10:35,2026.06,30,안면도,S25,S25 타워 키즈,아일랜드,예약가능
2026-04-29 10:35,2026.06,30,안면도,S25,S25 타워 콘도 케어,아일랜드,예약가능
2026-04-29 10:35,2026.06,30,안면도,S25,S25 타워 클린 케어,아일랜드,예약가능
2026-04-29 10:36,2026.05,5,안면도,S30,S30 타워 클린,아일랜드,예약가능
2026-04-29 10:36,2026.05,5,안면도,S30,S30 타워 콘도 케어,아일랜드,예약가능
2026-04-29 10:36,2026.05,5,안면도,S30,S30 타워 콘도,아일랜드,예약가능
2026-04-29 10:36,2026.05,6,안면도,S30,S30 타워 클린,아일랜드,예약가능
2026-04-29 10:36,2026.05,6,안면도,S30,S30 타워 콘도 케어,아일랜드,예약가능
2026-04-29 10:36,2026.05,6,안면도,S30,S30 타워 콘도,아일랜드,예약가능
2026-04-29 10:36,2026.05,7,안면도,S30,S30 타워 클린,아일랜드,예약가능
2026-04-29 10:36,2026.05,7,안면도,S30,S30 타워 콘도 케어,아일랜드,예약가능
2026-04-29 10:36,2026.05,7,안면도,S30,S30 타워 콘도,아일랜드,예약가능
2026-04-29 10:36,2026.05,8,안면도,S30,S30 타워 클린,아일랜드,예약가능
2026-04-29 10:36,2026.05,8,안면도,S30,S30 타워 콘도,아일랜드,예약가능
2026-04-29 10:36,2026.05,10,안면도,S30,S30 타워 콘도,아일랜드,예약가능
2026-04-29 10:36,2026.05,11,안면도,S30,S30 타워 콘도 케어,아일랜드,예약가능
2026-04-29 10:36,2026.05,12,안면도,S30,S30 타워 콘도 케어,아일랜드,예약가능
2026-04-29 10:36,2026.05,12,안면도,S30,S30 타워 콘도,아일랜드,예약가능
2026-04-29 10:36,2026.05,13,안면도,S30,S30 타워 클린,아일랜드,예약가능
2026-04-29 10:36,2026.05,13,안면도,S30,S30 타워 콘도 케어,아일랜드,예약가능
2026-04-29 10:36,2026.05,14,안면도,S30,S30 타워 콘도,아일랜드,예약가능
2026-04-29 10:36,2026.05,19,안면도,S30,S30 타워 콘도 케어,아일랜드,예약가능
2026-04-29 10:36,2026.05,19,안면도,S30,S30 타워 콘도,아일랜드,예약가능
2026-04-29 10:36,2026.05,20,안면도,S30,S30 타워 콘도 케어,아일랜드,예약가능
2026-04-29 10:36,2026.05,20,안면도,S30,S30 타워 콘도,아일랜드,예약가능
2026-04-29 10:36,2026.05,21,안면도,S30,S30 타워 콘도 케어,아일랜드,예약가능
2026-04-29 10:36,2026.05,21,안면도,S30,S30 타워 콘도,아일랜드,예약가능
2026-04-29 10:36,2026.05,25,안면도,S30,S30 타워 클린,아일랜드,예약가능
2026-04-29 10:36,2026.05,25,안면도,S30,S30 타워 콘도 케어,아일랜드,예약가능
2026-04-29 10:36,2026.05,25,안면도,S30,S30 타워 콘도,아일랜드,예약가능
2026-04-29 10:36,2026.05,27,안면도,S30,S30 타워 클린,아일랜드,예약가능
2026-04-29 10:36,2026.05,27,안면도,S30,S30 타워 콘도 케어,아일랜드,예약가능
2026-04-29 10:36,2026.05,27,안면도,S30,S30 타워 콘도,아일랜드,예약가능
2026-04-29 10:36,2026.05,28,안면도,S30,S30 타워 클린,아일랜드,예약가능
2026-04-29 10:36,2026.05,28,안면도,S30,S30 타워 콘도 케어,아일랜드,예약가능
2026-04-29 10:36,2026.05,31,안면도,S30,S30 타워 클린,아일랜드,예약가능
2026-04-29 10:36,2026.05,31,안면도,S30,S30 타워 콘도 케어,아일랜드,예약가능
2026-04-29 10:36,2026.06,1,안면도,S30,S30 타워 클린,아일랜드,예약가능
2026-04-29 10:36,2026.06,1,안면도,S30,S30 타워 콘도 케어,아일랜드,예약가능
2026-04-29 10:36,2026.06,2,안면도,S30,S30 타워 콘도,아일랜드,예약가능
2026-04-29 10:36,2026.06,3,안면도,S30,S30 타워 콘도,아일랜드,예약가능
2026-04-29 10:36,2026.06,7,안면도,S30,S30 타워 콘도 케어,아일랜드,예약가능
2026-04-29 10:36,2026.06,8,안면도,S30,S30 타워 클린,아일랜드,예약가능
2026-04-29 10:36,2026.06,8,안면도,S30,S30 타워 콘도,아일랜드,예약가능
2026-04-29 10:36,2026.06,9,안면도,S30,S30 타워 클린,아일랜드,예약가능
2026-04-29 10:36,2026.06,9,안면도,S30,S30 타워 콘도 케어,아일랜드,예약가능
2026-04-29 10:36,2026.06,9,안면도,S30,S30 타워 콘도,아일랜드,예약가능
2026-04-29 10:36,2026.06,10,안면도,S30,S30 타워 클린,아일랜드,예약가능
2026-04-29 10:36,2026.06,10,안면도,S30,S30 타워 콘도 케어,아일랜드,예약가능
2026-04-29 10:36,2026.06,10,안면도,S30,S30 타워 콘도,아일랜드,예약가능
2026-04-29 10:36,2026.06,11,안면도,S30,S30 타워 콘도 케어,아일랜드,예약가능
2026-04-29 10:36,2026.06,14,안면도,S30,S30 타워 콘도 케어,아일랜드,예약가능
2026-04-29 10:36,2026.06,14,안면도,S30,S30 타워 콘도,아일랜드,예약가능
2026-04-29 10:36,2026.06,15,안면도,S30,S30 타워 클린,아일랜드,예약가능
2026-04-29 10:36,2026.06,15,안면도,S30,S30 타워 콘도 케어,아일랜드,예약가능
2026-04-29 10:36,2026.06,15,안면도,S30,S30 타워 콘도,아일랜드,예약가능
2026-04-29 10:36,2026.06,16,안면도,S30,S30 타워 클린,아일랜드,예약가능
2026-04-29 10:36,2026.06,16,안면도,S30,S30 타워 콘도 케어,아일랜드,예약가능
2026-04-29 10:36,2026.06,17,안면도,S30,S30 타워 클린,아일랜드,예약가능
2026-04-29 10:36,2026.06,17,안면도,S30,S30 타워 콘도 케어,아일랜드,예약가능
2026-04-29 10:36,2026.06,17,안면도,S30,S30 타워 콘도,아일랜드,예약가능
2026-04-29 10:36,2026.06,18,안면도,S30,S30 타워 콘도 케어,아일랜드,예약가능
2026-04-29 10:36,2026.06,21,안면도,S30,S30 타워 콘도 케어,아일랜드,예약가능
2026-04-29 10:36,2026.06,21,안면도,S30,S30 타워 콘도,아일랜드,예약가능
2026-04-29 10:36,2026.06,23,안면도,S30,S30 타워 클린,아일랜드,예약가능
2026-04-29 10:36,2026.06,23,안면도,S30,S30 타워 콘도 케어,아일랜드,예약가능
2026-04-29 10:36,2026.06,23,안면도,S30,S30 타워 콘도,아일랜드,예약가능
2026-04-29 10:36,2026.06,24,안면도,S30,S30 타워 클린,아일랜드,예약가능
2026-04-29 10:36,2026.06,24,안면도,S30,S30 타워 콘도 케어,아일랜드,예약가능
2026-04-29 10:36,2026.06,24,안면도,S30,S30 타워 콘도,아일랜드,예약가능
2026-04-29 10:36,2026.06,25,안면도,S30,S30 타워 콘도 케어,아일랜드,예약가능
2026-04-29 10:36,2026.06,28,안면도,S30,S30 타워 콘도 케어,아일랜드,예약가능
2026-04-29 10:36,2026.06,28,안면도,S30,S30 타워 콘도,아일랜드,예약가능
2026-04-29 10:36,2026.06,29,안면도,S30,S30 타워 클린,아일랜드,예약가능
2026-04-29 10:36,2026.06,29,안면도,S30,S30 타워 콘도 케어,아일랜드,예약가능
2026-04-29 10:36,2026.06,29,안면도,S30,S30 타워 콘도,아일랜드,예약가능
2026-04-29 10:36,2026.06,30,안면도,S30,S30 타워 클린,아일랜드,예약가능
2026-04-29 10:36,2026.06,30,안면도,S30,S30 타워 콘도 케어,아일랜드,예약가능
2026-04-29 10:36,2026.04,29,안면도,G40,G40 빌라,아일랜드,예약가능
2026-04-29 10:36,2026.05,5,안면도,G40,G40 빌라,아일랜드,예약가능
2026-04-29 10:36,2026.05,5,안면도,G40,G40 타워 콘도,아일랜드,예약가능
2026-04-29 10:36,2026.05,5,안면도,G40,G40 타워 클린,아일랜드,예약가능
2026-04-29 10:36,2026.05,6,안면도,G40,G40 빌라,아일랜드,예약가능
2026-04-29 10:36,2026.05,6,안면도,G40,G40 타워 콘도,아일랜드,예약가능
2026-04-29 10:36,2026.05,6,안면도,G40,G40 타워 클린,아일랜드,예약가능
2026-04-29 10:36,2026.05,7,안면도,G40,G40 빌라,아일랜드,예약가능
2026-04-29 10:36,2026.05,7,안면도,G40,G40 타워 콘도,아일랜드,예약가능
2026-04-29 10:36,2026.05,7,안면도,G40,G40 타워 클린,아일랜드,예약가능
2026-04-29 10:36,2026.05,8,안면도,G40,G40 빌라,아일랜드,예약가능
2026-04-29 10:36,2026.05,8,안면도,G40,G40 타워 콘도,아일랜드,예약가능
2026-04-29 10:36,2026.05,8,안면도,G40,G40 타워 클린,아일랜드,예약가능
2026-04-29 10:36,2026.05,11,안면도,G40,G40 빌라,아일랜드,예약가능
2026-04-29 10:36,2026.05,12,안면도,G40,G40 빌라,아일랜드,예약가능
2026-04-29 10:36,2026.05,12,안면도,G40,G40 타워 콘도,아일랜드,예약가능
2026-04-29 10:36,2026.05,12,안면도,G40,G40 타워 클린,아일랜드,예약가능
2026-04-29 10:36,2026.05,13,안면도,G40,G40 빌라,아일랜드,예약가능
2026-04-29 10:36,2026.05,14,안면도,G40,G40 빌라,아일랜드,예약가능
2026-04-29 10:36,2026.05,19,안면도,G40,G40 빌라,아일랜드,예약가능
2026-04-29 10:36,2026.05,19,안면도,G40,G40 타워 콘도,아일랜드,예약가능
2026-04-29 10:36,2026.05,19,안면도,G40,G40 타워 클린,아일랜드,예약가능
2026-04-29 10:36,2026.05,20,안면도,G40,G40 빌라,아일랜드,예약가능
2026-04-29 10:36,2026.05,20,안면도,G40,G40 타워 콘도,아일랜드,예약가능
2026-04-29 10:36,2026.05,20,안면도,G40,G40 타워 클린,아일랜드,예약가능
2026-04-29 10:36,2026.05,21,안면도,G40,G40 빌라,아일랜드,예약가능
2026-04-29 10:36,2026.05,21,안면도,G40,G40 타워 콘도,아일랜드,예약가능
2026-04-29 10:36,2026.05,21,안면도,G40,G40 타워 클린,아일랜드,예약가능
2026-04-29 10:36,2026.05,26,안면도,G40,G40 빌라,아일랜드,예약가능
2026-04-29 10:36,2026.05,26,안면도,G40,G40 타워 클린,아일랜드,예약가능
2026-04-29 10:36,2026.05,27,안면도,G40,G40 빌라,아일랜드,예약가능
2026-04-29 10:36,2026.05,27,안면도,G40,G40 타워 콘도,아일랜드,예약가능
2026-04-29 10:36,2026.05,28,안면도,G40,G40 빌라,아일랜드,예약가능
2026-04-29 10:36,2026.05,28,안면도,G40,G40 타워 클린,아일랜드,예약가능
2026-04-29 10:36,2026.06,1,안면도,G40,G40 타워 콘도,아일랜드,예약가능
2026-04-29 10:36,2026.06,4,안면도,G40,G40 타워 콘도,아일랜드,예약가능
2026-04-29 10:36,2026.06,7,안면도,G40,G40 타워 클린,아일랜드,예약가능
2026-04-29 10:36,2026.06,8,안면도,G40,G40 타워 콘도,아일랜드,예약가능
2026-04-29 10:36,2026.06,8,안면도,G40,G40 타워 클린,아일랜드,예약가능
2026-04-29 10:36,2026.06,9,안면도,G40,G40 빌라,아일랜드,예약가능
2026-04-29 10:36,2026.06,9,안면도,G40,G40 타워 콘도,아일랜드,예약가능
2026-04-29 10:36,2026.06,9,안면도,G40,G40 타워 클린,아일랜드,예약가능
2026-04-29 10:36,2026.06,10,안면도,G40,G40 빌라,아일랜드,예약가능
2026-04-29 10:36,2026.06,10,안면도,G40,G40 타워 콘도,아일랜드,예약가능
2026-04-29 10:36,2026.06,10,안면도,G40,G40 타워 클린,아일랜드,예약가능
2026-04-29 10:36,2026.06,11,안면도,G40,G40 빌라,아일랜드,예약가능
2026-04-29 10:36,2026.06,11,안면도,G40,G40 타워 콘도,아일랜드,예약가능
2026-04-29 10:36,2026.06,15,안면도,G40,G40 빌라,아일랜드,예약가능
2026-04-29 10:36,2026.06,15,안면도,G40,G40 타워 콘도,아일랜드,예약가능
2026-04-29 10:36,2026.06,15,안면도,G40,G40 타워 클린,아일랜드,예약가능
2026-04-29 10:36,2026.06,16,안면도,G40,G40 빌라,아일랜드,예약가능
2026-04-29 10:36,2026.06,16,안면도,G40,G40 타워 콘도,아일랜드,예약가능
2026-04-29 10:36,2026.06,16,안면도,G40,G40 타워 클린,아일랜드,예약가능
2026-04-29 10:36,2026.06,17,안면도,G40,G40 빌라,아일랜드,예약가능
2026-04-29 10:36,2026.06,17,안면도,G40,G40 타워 콘도,아일랜드,예약가능
2026-04-29 10:36,2026.06,17,안면도,G40,G40 타워 클린,아일랜드,예약가능
2026-04-29 10:36,2026.06,18,안면도,G40,G40 빌라,아일랜드,예약가능
2026-04-29 10:36,2026.06,18,안면도,G40,G40 타워 콘도,아일랜드,예약가능
2026-04-29 10:36,2026.06,22,안면도,G40,G40 빌라,아일랜드,예약가능
2026-04-29 10:36,2026.06,23,안면도,G40,G40 빌라,아일랜드,예약가능
2026-04-29 10:36,2026.06,23,안면도,G40,G40 타워 콘도,아일랜드,예약가능
2026-04-29 10:36,2026.06,23,안면도,G40,G40 타워 클린,아일랜드,예약가능
2026-04-29 10:36,2026.06,24,안면도,G40,G40 빌라,아일랜드,예약가능
2026-04-29 10:36,2026.06,24,안면도,G40,G40 타워 클린,아일랜드,예약가능
2026-04-29 10:36,2026.06,25,안면도,G40,G40 빌라,아일랜드,예약가능
2026-04-29 10:36,2026.06,25,안면도,G40,G40 타워 클린,아일랜드,예약가능
2026-04-29 10:36,2026.06,29,안면도,G40,G40 타워 콘도,아일랜드,예약가능
2026-04-29 10:36,2026.06,29,안면도,G40,G40 타워 클린,아일랜드,예약가능
2026-04-29 10:36,2026.06,30,안면도,G40,G40 빌라,아일랜드,예약가능
2026-04-29 10:36,2026.06,30,안면도,G40,G40 타워 콘도,아일랜드,예약가능
2026-04-29 10:36,2026.06,30,안면도,G40,G40 타워 클린,아일랜드,예약가능
2026-04-29 10:37,2026.04,29,안면도,G50,G50 빌라 복층,아일랜드,예약가능
2026-04-29 10:37,2026.04,29,안면도,G50,G50 빌라 단층,아일랜드,예약가능
2026-04-29 10:37,2026.05,5,안면도,G50,G50 빌라 복층,아일랜드,예약가능
2026-04-29 10:37,2026.05,5,안면도,G50,G50 빌라 단층,아일랜드,예약가능
2026-04-29 10:37,2026.05,6,안면도,G50,G50 빌라 복층,아일랜드,예약가능
2026-04-29 10:37,2026.05,6,안면도,G50,G50 빌라 멀티,아일랜드,예약가능
2026-04-29 10:37,2026.05,6,안면도,G50,G50 빌라 단층,아일랜드,예약가능
2026-04-29 10:37,2026.05,7,안면도,G50,G50 빌라 복층,아일랜드,예약가능
2026-04-29 10:37,2026.05,7,안면도,G50,G50 빌라 멀티,아일랜드,예약가능
2026-04-29 10:37,2026.05,7,안면도,G50,G50 빌라 단층,아일랜드,예약가능
2026-04-29 10:37,2026.05,8,안면도,G50,G50 빌라 복층,아일랜드,예약가능
2026-04-29 10:37,2026.05,8,안면도,G50,G50 빌라 멀티,아일랜드,예약가능
2026-04-29 10:37,2026.05,8,안면도,G50,G50 빌라 단층,아일랜드,예약가능
2026-04-29 10:37,2026.05,11,안면도,G50,G50 빌라 복층,아일랜드,예약가능
2026-04-29 10:37,2026.05,11,안면도,G50,G50 빌라 단층,아일랜드,예약가능
2026-04-29 10:37,2026.05,12,안면도,G50,G50 빌라 복층,아일랜드,예약가능
2026-04-29 10:37,2026.05,12,안면도,G50,G50 빌라 멀티,아일랜드,예약가능
2026-04-29 10:37,2026.05,12,안면도,G50,G50 빌라 단층,아일랜드,예약가능
2026-04-29 10:37,2026.05,13,안면도,G50,G50 빌라 복층,아일랜드,예약가능
2026-04-29 10:37,2026.05,13,안면도,G50,G50 빌라 멀티,아일랜드,예약가능
2026-04-29 10:37,2026.05,13,안면도,G50,G50 빌라 단층,아일랜드,예약가능
2026-04-29 10:37,2026.05,14,안면도,G50,G50 빌라 복층,아일랜드,예약가능
2026-04-29 10:37,2026.05,14,안면도,G50,G50 빌라 멀티,아일랜드,예약가능
2026-04-29 10:37,2026.05,14,안면도,G50,G50 빌라 단층,아일랜드,예약가능
2026-04-29 10:37,2026.05,15,안면도,G50,G50 빌라 단층,아일랜드,예약가능
2026-04-29 10:37,2026.05,18,안면도,G50,G50 빌라 복층,아일랜드,예약가능
2026-04-29 10:37,2026.05,18,안면도,G50,G50 빌라 멀티,아일랜드,예약가능
2026-04-29 10:37,2026.05,19,안면도,G50,G50 빌라 복층,아일랜드,예약가능
2026-04-29 10:37,2026.05,19,안면도,G50,G50 빌라 멀티,아일랜드,예약가능
2026-04-29 10:37,2026.05,19,안면도,G50,G50 빌라 단층,아일랜드,예약가능
2026-04-29 10:37,2026.05,20,안면도,G50,G50 빌라 복층,아일랜드,예약가능
2026-04-29 10:37,2026.05,20,안면도,G50,G50 빌라 멀티,아일랜드,예약가능
2026-04-29 10:37,2026.05,20,안면도,G50,G50 빌라 단층,아일랜드,예약가능
2026-04-29 10:37,2026.05,21,안면도,G50,G50 빌라 복층,아일랜드,예약가능
2026-04-29 10:37,2026.05,21,안면도,G50,G50 빌라 멀티,아일랜드,예약가능
2026-04-29 10:37,2026.05,21,안면도,G50,G50 빌라 단층,아일랜드,예약가능
2026-04-29 10:37,2026.05,25,안면도,G50,G50 빌라 복층,아일랜드,예약가능
2026-04-29 10:37,2026.05,26,안면도,G50,G50 빌라 복층,아일랜드,예약가능
2026-04-29 10:37,2026.05,26,안면도,G50,G50 빌라 단층,아일랜드,예약가능
2026-04-29 10:37,2026.05,27,안면도,G50,G50 빌라 복층,아일랜드,예약가능
2026-04-29 10:37,2026.05,27,안면도,G50,G50 빌라 멀티,아일랜드,예약가능
2026-04-29 10:37,2026.05,27,안면도,G50,G50 빌라 단층,아일랜드,예약가능
2026-04-29 10:37,2026.05,28,안면도,G50,G50 빌라 복층,아일랜드,예약가능
2026-04-29 10:37,2026.05,28,안면도,G50,G50 빌라 멀티,아일랜드,예약가능
2026-04-29 10:37,2026.05,28,안면도,G50,G50 빌라 단층,아일랜드,예약가능
2026-04-29 10:37,2026.06,1,안면도,G50,G50 빌라 복층,아일랜드,예약가능
2026-04-29 10:37,2026.06,1,안면도,G50,G50 빌라 멀티,아일랜드,예약가능
2026-04-29 10:37,2026.06,1,안면도,G50,G50 빌라 단층,아일랜드,예약가능
2026-04-29 10:37,2026.06,2,안면도,G50,G50 빌라 복층,아일랜드,예약가능
2026-04-29 10:37,2026.06,3,안면도,G50,G50 빌라 복층,아일랜드,예약가능
2026-04-29 10:37,2026.06,3,안면도,G50,G50 빌라 단층,아일랜드,예약가능
2026-04-29 10:37,2026.06,4,안면도,G50,G50 빌라 복층,아일랜드,예약가능
2026-04-29 10:37,2026.06,4,안면도,G50,G50 빌라 단층,아일랜드,예약가능
2026-04-29 10:37,2026.06,7,안면도,G50,G50 빌라 복층,아일랜드,예약가능
2026-04-29 10:37,2026.06,8,안면도,G50,G50 빌라 복층,아일랜드,예약가능
2026-04-29 10:37,2026.06,8,안면도,G50,G50 빌라 단층,아일랜드,예약가능
2026-04-29 10:37,2026.06,9,안면도,G50,G50 빌라 복층,아일랜드,예약가능
2026-04-29 10:37,2026.06,9,안면도,G50,G50 빌라 단층,아일랜드,예약가능
2026-04-29 10:37,2026.06,10,안면도,G50,G50 빌라 복층,아일랜드,예약가능
2026-04-29 10:37,2026.06,10,안면도,G50,G50 빌라 멀티,아일랜드,예약가능
2026-04-29 10:37,2026.06,10,안면도,G50,G50 빌라 단층,아일랜드,예약가능
2026-04-29 10:37,2026.06,11,안면도,G50,G50 빌라 복층,아일랜드,예약가능
2026-04-29 10:37,2026.06,11,안면도,G50,G50 빌라 멀티,아일랜드,예약가능
2026-04-29 10:37,2026.06,11,안면도,G50,G50 빌라 단층,아일랜드,예약가능
2026-04-29 10:37,2026.06,15,안면도,G50,G50 빌라 복층,아일랜드,예약가능
2026-04-29 10:37,2026.06,15,안면도,G50,G50 빌라 멀티,아일랜드,예약가능
2026-04-29 10:37,2026.06,15,안면도,G50,G50 빌라 단층,아일랜드,예약가능
2026-04-29 10:37,2026.06,16,안면도,G50,G50 빌라 복층,아일랜드,예약가능
2026-04-29 10:37,2026.06,16,안면도,G50,G50 빌라 멀티,아일랜드,예약가능
2026-04-29 10:37,2026.06,16,안면도,G50,G50 빌라 단층,아일랜드,예약가능
2026-04-29 10:37,2026.06,17,안면도,G50,G50 빌라 복층,아일랜드,예약가능
2026-04-29 10:37,2026.06,17,안면도,G50,G50 빌라 멀티,아일랜드,예약가능
2026-04-29 10:37,2026.06,17,안면도,G50,G50 빌라 단층,아일랜드,예약가능
2026-04-29 10:37,2026.06,18,안면도,G50,G50 빌라 복층,아일랜드,예약가능
2026-04-29 10:37,2026.06,18,안면도,G50,G50 빌라 멀티,아일랜드,예약가능
2026-04-29 10:37,2026.06,18,안면도,G50,G50 빌라 단층,아일랜드,예약가능
2026-04-29 10:37,2026.06,22,안면도,G50,G50 빌라 복층,아일랜드,예약가능
2026-04-29 10:37,2026.06,22,안면도,G50,G50 빌라 멀티,아일랜드,예약가능
2026-04-29 10:37,2026.06,22,안면도,G50,G50 빌라 단층,아일랜드,예약가능
2026-04-29 10:37,2026.06,23,안면도,G50,G50 빌라 복층,아일랜드,예약가능
2026-04-29 10:37,2026.06,23,안면도,G50,G50 빌라 멀티,아일랜드,예약가능
2026-04-29 10:37,2026.06,23,안면도,G50,G50 빌라 단층,아일랜드,예약가능
2026-04-29 10:37,2026.06,24,안면도,G50,G50 빌라 복층,아일랜드,예약가능
2026-04-29 10:37,2026.06,24,안면도,G50,G50 빌라 멀티,아일랜드,예약가능
2026-04-29 10:37,2026.06,24,안면도,G50,G50 빌라 단층,아일랜드,예약가능
2026-04-29 10:37,2026.06,25,안면도,G50,G50 빌라 복층,아일랜드,예약가능
2026-04-29 10:37,2026.06,25,안면도,G50,G50 빌라 멀티,아일랜드,예약가능
2026-04-29 10:37,2026.06,25,안면도,G50,G50 빌라 단층,아일랜드,예약가능
2026-04-29 10:37,2026.06,29,안면도,G50,G50 빌라 복층,아일랜드,예약가능
2026-04-29 10:37,2026.06,29,안면도,G50,G50 빌라 멀티,아일랜드,예약가능
2026-04-29 10:37,2026.06,29,안면도,G50,G50 빌라 단층,아일랜드,예약가능
2026-04-29 10:37,2026.06,30,안면도,G50,G50 빌라 복층,아일랜드,예약가능
2026-04-29 10:37,2026.06,30,안면도,G50,G50 빌라 멀티,아일랜드,예약가능
2026-04-29 10:37,2026.06,30,안면도,G50,G50 빌라 단층,아일랜드,예약가능
2026-04-29 10:37,2026.05,4,제천,S20,S20 타워 클린 케어,레스트리,예약가능
2026-04-29 10:37,2026.05,5,제천,S20,S20 타워 클린 케어,레스트리,예약가능
2026-04-29 10:37,2026.05,5,제천,S20,S20 타워 클린,레스트리,예약가능
2026-04-29 10:37,2026.05,6,제천,S20,S20 타워 클린,레스트리,예약가능
2026-04-29 10:37,2026.05,7,제천,S20,S20 타워 클린 케어,레스트리,예약가능
2026-04-29 10:37,2026.05,7,제천,S20,S20 타워 클린,레스트리,예약가능
2026-04-29 10:37,2026.05,8,제천,S20,S20 타워 클린 케어,레스트리,예약가능
2026-04-29 10:37,2026.05,8,제천,S20,S20 타워 클린,레스트리,예약가능
2026-04-29 10:37,2026.05,9,제천,S20,S20 타워 클린 케어,레스트리,예약가능
2026-04-29 10:37,2026.05,9,제천,S20,S20 타워 클린 키즈,레스트리,예약가능
2026-04-29 10:37,2026.05,13,제천,S20,S20 타워 클린 키즈,레스트리,예약가능
2026-04-29 10:37,2026.05,18,제천,S20,S20 타워 클린 케어,레스트리,예약가능
2026-04-29 10:37,2026.05,18,제천,S20,S20 타워 클린 키즈,레스트리,예약가능
2026-04-29 10:37,2026.05,18,제천,S20,S20 타워 클린,레스트리,예약가능
2026-04-29 10:37,2026.05,19,제천,S20,S20 타워 클린 케어,레스트리,예약가능
2026-04-29 10:37,2026.05,19,제천,S20,S20 타워 클린 키즈,레스트리,예약가능
2026-04-29 10:37,2026.05,19,제천,S20,S20 타워 클린,레스트리,예약가능
2026-04-29 10:37,2026.05,20,제천,S20,S20 타워 클린 케어,레스트리,예약가능
2026-04-29 10:37,2026.05,20,제천,S20,S20 타워 클린,레스트리,예약가능
2026-04-29 10:37,2026.05,21,제천,S20,S20 타워 클린,레스트리,예약가능
2026-04-29 10:37,2026.05,25,제천,S20,S20 타워 클린,레스트리,예약가능
2026-04-29 10:37,2026.05,26,제천,S20,S20 타워 클린 케어,레스트리,예약가능
2026-04-29 10:37,2026.05,27,제천,S20,S20 타워 클린 케어,레스트리,예약가능
2026-04-29 10:37,2026.05,28,제천,S20,S20 타워 클린 케어,레스트리,예약가능
2026-04-29 10:37,2026.05,29,제천,S20,S20 타워 클린 케어,레스트리,예약가능
2026-04-29 10:37,2026.05,29,제천,S20,S20 타워 클린,레스트리,예약가능
2026-04-29 10:38,2026.06,1,제천,S20,S20 타워 클린 케어,레스트리,예약가능
2026-04-29 10:38,2026.06,8,제천,S20,S20 타워 클린 케어,레스트리,예약가능
2026-04-29 10:38,2026.06,8,제천,S20,S20 타워 클린 키즈,레스트리,예약가능
2026-04-29 10:38,2026.06,9,제천,S20,S20 타워 클린 케어,레스트리,예약가능
2026-04-29 10:38,2026.06,9,제천,S20,S20 타워 클린 키즈,레스트리,예약가능
2026-04-29 10:38,2026.06,9,제천,S20,S20 타워 클린,레스트리,예약가능
2026-04-29 10:38,2026.06,10,제천,S20,S20 타워 클린 케어,레스트리,예약가능
2026-04-29 10:38,2026.06,10,제천,S20,S20 타워 클린 키즈,레스트리,예약가능
2026-04-29 10:38,2026.06,10,제천,S20,S20 타워 클린,레스트리,예약가능
2026-04-29 10:38,2026.06,11,제천,S20,S20 타워 클린 케어,레스트리,예약가능
2026-04-29 10:38,2026.06,11,제천,S20,S20 타워 클린 키즈,레스트리,예약가능
2026-04-29 10:38,2026.06,15,제천,S20,S20 타워 클린 케어,레스트리,예약가능
2026-04-29 10:38,2026.06,15,제천,S20,S20 타워 클린 키즈,레스트리,예약가능
2026-04-29 10:38,2026.06,15,제천,S20,S20 타워 클린,레스트리,예약가능
2026-04-29 10:38,2026.06,16,제천,S20,S20 타워 클린 케어,레스트리,예약가능
2026-04-29 10:38,2026.06,16,제천,S20,S20 타워 클린 키즈,레스트리,예약가능
2026-04-29 10:38,2026.06,16,제천,S20,S20 타워 클린,레스트리,예약가능
2026-04-29 10:38,2026.06,17,제천,S20,S20 타워 클린 케어,레스트리,예약가능
2026-04-29 10:38,2026.06,17,제천,S20,S20 타워 클린 키즈,레스트리,예약가능
2026-04-29 10:38,2026.06,18,제천,S20,S20 타워 클린 케어,레스트리,예약가능
2026-04-29 10:38,2026.06,18,제천,S20,S20 타워 클린 키즈,레스트리,예약가능
2026-04-29 10:38,2026.06,21,제천,S20,S20 타워 클린 케어,레스트리,예약가능
2026-04-29 10:38,2026.06,22,제천,S20,S20 타워 클린 케어,레스트리,예약가능
2026-04-29 10:38,2026.06,22,제천,S20,S20 타워 클린,레스트리,예약가능
2026-04-29 10:38,2026.06,23,제천,S20,S20 타워 클린 케어,레스트리,예약가능
2026-04-29 10:38,2026.06,23,제천,S20,S20 타워 클린 키즈,레스트리,예약가능
2026-04-29 10:38,2026.06,24,제천,S20,S20 타워 클린 케어,레스트리,예약가능
2026-04-29 10:38,2026.06,24,제천,S20,S20 타워 클린 키즈,레스트리,예약가능
2026-04-29 10:38,2026.06,24,제천,S20,S20 타워 클린,레스트리,예약가능
2026-04-29 10:38,2026.06,25,제천,S20,S20 타워 클린 케어,레스트리,예약가능
2026-04-29 10:38,2026.06,25,제천,S20,S20 타워 클린 키즈,레스트리,예약가능
2026-04-29 10:38,2026.06,29,제천,S20,S20 타워 클린 케어,레스트리,예약가능
2026-04-29 10:38,2026.06,29,제천,S20,S20 타워 클린 키즈,레스트리,예약가능
2026-04-29 10:38,2026.06,29,제천,S20,S20 타워 클린,레스트리,예약가능
2026-04-29 10:38,2026.06,30,제천,S20,S20 타워 클린 케어,레스트리,예약가능
2026-04-29 10:38,2026.06,30,제천,S20,S20 타워 클린 키즈,레스트리,예약가능
2026-04-29 10:38,2026.06,30,제천,S20,S20 타워 클린,레스트리,예약가능
2026-04-29 10:38,2026.04,29,제천,S25,S25 빌라 클린,포레스트,예약가능
2026-04-29 10:38,2026.05,5,제천,S25,S25 타워 클린,레스트리,예약가능
2026-04-29 10:38,2026.05,6,제천,S25,S25 타워 클린,레스트리,예약가능
2026-04-29 10:38,2026.05,6,제천,S25,S25 빌라 클린,포레스트,예약가능
2026-04-29 10:38,2026.05,7,제천,S25,S25 타워 클린,레스트리,예약가능
2026-04-29 10:38,2026.05,7,제천,S25,S25 빌라 클린,포레스트,예약가능
2026-04-29 10:38,2026.05,8,제천,S25,S25 타워 클린,레스트리,예약가능
2026-04-29 10:38,2026.05,8,제천,S25,S25 빌라 클린,포레스트,예약가능
2026-04-29 10:38,2026.05,12,제천,S25,S25 빌라 클린,포레스트,예약가능
2026-04-29 10:38,2026.05,14,제천,S25,S25 빌라 클린,포레스트,예약가능
2026-04-29 10:38,2026.05,18,제천,S25,S25 빌라 클린,포레스트,예약가능
2026-04-29 10:38,2026.05,19,제천,S25,S25 타워 클린,레스트리,예약가능
2026-04-29 10:38,2026.05,19,제천,S25,S25 빌라 클린,포레스트,예약가능
2026-04-29 10:38,2026.05,20,제천,S25,S25 빌라 클린,포레스트,예약가능
2026-04-29 10:38,2026.05,21,제천,S25,S25 빌라 클린,포레스트,예약가능
2026-04-29 10:38,2026.05,25,제천,S25,S25 빌라 클린,포레스트,예약가능
2026-04-29 10:38,2026.05,26,제천,S25,S25 빌라 클린,포레스트,예약가능
2026-04-29 10:38,2026.05,27,제천,S25,S25 빌라 클린,포레스트,예약가능
2026-04-29 10:38,2026.05,28,제천,S25,S25 빌라 클린,포레스트,예약가능
2026-04-29 10:38,2026.05,29,제천,S25,S25 타워 클린,레스트리,예약가능
2026-04-29 10:38,2026.05,29,제천,S25,S25 빌라 클린,포레스트,예약가능
2026-04-29 10:38,2026.06,1,제천,S25,S25 빌라 클린,포레스트,예약가능
2026-04-29 10:38,2026.06,8,제천,S25,S25 빌라 클린,포레스트,예약가능
2026-04-29 10:38,2026.06,9,제천,S25,S25 타워 클린,레스트리,예약가능
2026-04-29 10:38,2026.06,9,제천,S25,S25 빌라 클린,포레스트,예약가능
2026-04-29 10:38,2026.06,10,제천,S25,S25 빌라 클린,포레스트,예약가능
2026-04-29 10:38,2026.06,11,제천,S25,S25 빌라 클린,포레스트,예약가능
2026-04-29 10:38,2026.06,15,제천,S25,S25 타워 클린,레스트리,예약가능
2026-04-29 10:38,2026.06,15,제천,S25,S25 빌라 클린,포레스트,예약가능
2026-04-29 10:38,2026.06,16,제천,S25,S25 타워 클린,레스트리,예약가능
2026-04-29 10:38,2026.06,16,제천,S25,S25 빌라 클린,포레스트,예약가능
2026-04-29 10:38,2026.06,17,제천,S25,S25 빌라 클린,포레스트,예약가능
2026-04-29 10:38,2026.06,18,제천,S25,S25 빌라 클린,포레스트,예약가능
2026-04-29 10:38,2026.06,22,제천,S25,S25 타워 클린,레스트리,예약가능
2026-04-29 10:38,2026.06,22,제천,S25,S25 빌라 클린,포레스트,예약가능
2026-04-29 10:38,2026.06,23,제천,S25,S25 타워 클린,레스트리,예약가능
2026-04-29 10:38,2026.06,23,제천,S25,S25 빌라 클린,포레스트,예약가능
2026-04-29 10:38,2026.06,24,제천,S25,S25 빌라 클린,포레스트,예약가능
2026-04-29 10:38,2026.06,25,제천,S25,S25 타워 클린,레스트리,예약가능
2026-04-29 10:38,2026.06,25,제천,S25,S25 빌라 클린,포레스트,예약가능
2026-04-29 10:38,2026.06,29,제천,S25,S25 타워 클린,레스트리,예약가능
2026-04-29 10:38,2026.06,29,제천,S25,S25 빌라 클린,포레스트,예약가능
2026-04-29 10:38,2026.06,30,제천,S25,S25 타워 클린,레스트리,예약가능
2026-04-29 10:38,2026.06,30,제천,S25,S25 빌라 클린,포레스트,예약가능
2026-04-29 10:38,2026.04,29,제천,S30,S30 타워 클린 키즈,레스트리,예약가능
2026-04-29 10:38,2026.04,29,제천,S30,S30 타워 클린 케어,레스트리,예약가능
2026-04-29 10:38,2026.04,29,제천,S30,S30 타워 클린,레스트리,예약가능
2026-04-29 10:38,2026.04,29,제천,S30,S30 빌라 클린,포레스트,예약가능
2026-04-29 10:38,2026.04,30,제천,S30,S30 타워 클린 키즈,레스트리,예약가능
2026-04-29 10:38,2026.05,5,제천,S30,S30 타워 클린 케어,레스트리,예약가능
2026-04-29 10:38,2026.05,5,제천,S30,S30 타워 클린,레스트리,예약가능
2026-04-29 10:38,2026.05,5,제천,S30,S30 빌라 클린,포레스트,예약가능
2026-04-29 10:38,2026.05,6,제천,S30,S30 타워 클린 케어,레스트리,예약가능
2026-04-29 10:38,2026.05,6,제천,S30,S30 타워 클린,레스트리,예약가능
2026-04-29 10:38,2026.05,6,제천,S30,S30 빌라 클린,포레스트,예약가능
2026-04-29 10:38,2026.05,7,제천,S30,S30 타워 클린 케어,레스트리,예약가능
2026-04-29 10:38,2026.05,7,제천,S30,S30 타워 클린,레스트리,예약가능
2026-04-29 10:38,2026.05,7,제천,S30,S30 빌라 클린,포레스트,예약가능
2026-04-29 10:38,2026.05,8,제천,S30,S30 타워 클린,레스트리,예약가능
2026-04-29 10:38,2026.05,8,제천,S30,S30 빌라 클린,포레스트,예약가능
2026-04-29 10:38,2026.05,11,제천,S30,S30 타워 클린 케어,레스트리,예약가능
2026-04-29 10:38,2026.05,11,제천,S30,S30 타워 클린,레스트리,예약가능
2026-04-29 10:38,2026.05,11,제천,S30,S30 빌라 클린,포레스트,예약가능
2026-04-29 10:38,2026.05,12,제천,S30,S30 타워 클린 케어,레스트리,예약가능
2026-04-29 10:38,2026.05,12,제천,S30,S30 타워 클린,레스트리,예약가능
2026-04-29 10:38,2026.05,12,제천,S30,S30 빌라 클린,포레스트,예약가능
2026-04-29 10:38,2026.05,13,제천,S30,S30 타워 클린 케어,레스트리,예약가능
2026-04-29 10:38,2026.05,13,제천,S30,S30 빌라 클린,포레스트,예약가능
2026-04-29 10:38,2026.05,14,제천,S30,S30 빌라 클린,포레스트,예약가능
2026-04-29 10:38,2026.05,15,제천,S30,S30 타워 클린,레스트리,예약가능
2026-04-29 10:38,2026.05,15,제천,S30,S30 빌라 클린,포레스트,예약가능
2026-04-29 10:38,2026.05,18,제천,S30,S30 타워 클린,레스트리,예약가능
2026-04-29 10:38,2026.05,18,제천,S30,S30 빌라 클린,포레스트,예약가능
2026-04-29 10:38,2026.05,19,제천,S30,S30 타워 클린 케어,레스트리,예약가능
2026-04-29 10:38,2026.05,19,제천,S30,S30 타워 클린,레스트리,예약가능
2026-04-29 10:38,2026.05,19,제천,S30,S30 빌라 클린,포레스트,예약가능
2026-04-29 10:38,2026.05,20,제천,S30,S30 타워 클린 케어,레스트리,예약가능
2026-04-29 10:38,2026.05,20,제천,S30,S30 타워 클린,레스트리,예약가능
2026-04-29 10:38,2026.05,20,제천,S30,S30 빌라 클린,포레스트,예약가능
2026-04-29 10:38,2026.05,25,제천,S30,S30 타워 클린,레스트리,예약가능
2026-04-29 10:38,2026.05,26,제천,S30,S30 타워 클린,레스트리,예약가능
2026-04-29 10:38,2026.05,26,제천,S30,S30 빌라 클린,포레스트,예약가능
2026-04-29 10:38,2026.05,27,제천,S30,S30 타워 클린 케어,레스트리,예약가능
2026-04-29 10:38,2026.05,27,제천,S30,S30 타워 클린,레스트리,예약가능
2026-04-29 10:38,2026.05,27,제천,S30,S30 빌라 클린,포레스트,예약가능
2026-04-29 10:38,2026.05,28,제천,S30,S30 빌라 클린,포레스트,예약가능
2026-04-29 10:38,2026.05,29,제천,S30,S30 타워 클린 키즈,레스트리,예약가능
2026-04-29 10:38,2026.05,29,제천,S30,S30 타워 클린 케어,레스트리,예약가능
2026-04-29 10:38,2026.05,29,제천,S30,S30 빌라 클린,포레스트,예약가능
2026-04-29 10:39,2026.06,1,제천,S30,S30 타워 클린 케어,레스트리,예약가능
2026-04-29 10:39,2026.06,1,제천,S30,S30 빌라 클린,포레스트,예약가능
2026-04-29 10:39,2026.06,4,제천,S30,S30 빌라 클린,포레스트,예약가능
2026-04-29 10:39,2026.06,8,제천,S30,S30 타워 클린 케어,레스트리,예약가능
2026-04-29 10:39,2026.06,8,제천,S30,S30 타워 클린,레스트리,예약가능
2026-04-29 10:39,2026.06,8,제천,S30,S30 빌라 클린,포레스트,예약가능
2026-04-29 10:39,2026.06,9,제천,S30,S30 타워 클린 케어,레스트리,예약가능
2026-04-29 10:39,2026.06,9,제천,S30,S30 타워 클린,레스트리,예약가능
2026-04-29 10:39,2026.06,9,제천,S30,S30 빌라 클린,포레스트,예약가능
2026-04-29 10:39,2026.06,10,제천,S30,S30 타워 클린 케어,레스트리,예약가능
2026-04-29 10:39,2026.06,10,제천,S30,S30 타워 클린,레스트리,예약가능
2026-04-29 10:39,2026.06,10,제천,S30,S30 빌라 클린,포레스트,예약가능
2026-04-29 10:39,2026.06,11,제천,S30,S30 타워 클린 케어,레스트리,예약가능
2026-04-29 10:39,2026.06,11,제천,S30,S30 빌라 클린,포레스트,예약가능
2026-04-29 10:39,2026.06,15,제천,S30,S30 타워 클린 케어,레스트리,예약가능
2026-04-29 10:39,2026.06,15,제천,S30,S30 타워 클린,레스트리,예약가능
2026-04-29 10:39,2026.06,15,제천,S30,S30 빌라 클린,포레스트,예약가능
2026-04-29 10:39,2026.06,16,제천,S30,S30 타워 클린 키즈,레스트리,예약가능
2026-04-29 10:39,2026.06,16,제천,S30,S30 타워 클린 케어,레스트리,예약가능
2026-04-29 10:39,2026.06,16,제천,S30,S30 타워 클린,레스트리,예약가능
2026-04-29 10:39,2026.06,16,제천,S30,S30 빌라 클린,포레스트,예약가능
2026-04-29 10:39,2026.06,17,제천,S30,S30 타워 클린 키즈,레스트리,예약가능
2026-04-29 10:39,2026.06,17,제천,S30,S30 타워 클린 케어,레스트리,예약가능
2026-04-29 10:39,2026.06,17,제천,S30,S30 타워 클린,레스트리,예약가능
2026-04-29 10:39,2026.06,17,제천,S30,S30 빌라 클린,포레스트,예약가능
2026-04-29 10:39,2026.06,18,제천,S30,S30 타워 클린 케어,레스트리,예약가능
2026-04-29 10:39,2026.06,18,제천,S30,S30 타워 클린,레스트리,예약가능
2026-04-29 10:39,2026.06,18,제천,S30,S30 빌라 클린,포레스트,예약가능
2026-04-29 10:39,2026.06,22,제천,S30,S30 타워 클린 케어,레스트리,예약가능
2026-04-29 10:39,2026.06,22,제천,S30,S30 타워 클린,레스트리,예약가능
2026-04-29 10:39,2026.06,22,제천,S30,S30 빌라 클린,포레스트,예약가능
2026-04-29 10:39,2026.06,23,제천,S30,S30 타워 클린 키즈,레스트리,예약가능
2026-04-29 10:39,2026.06,23,제천,S30,S30 타워 클린 케어,레스트리,예약가능
2026-04-29 10:39,2026.06,23,제천,S30,S30 타워 클린,레스트리,예약가능
2026-04-29 10:39,2026.06,23,제천,S30,S30 빌라 클린,포레스트,예약가능
2026-04-29 10:39,2026.06,24,제천,S30,S30 타워 클린 키즈,레스트리,예약가능
2026-04-29 10:39,2026.06,24,제천,S30,S30 타워 클린 케어,레스트리,예약가능
2026-04-29 10:39,2026.06,24,제천,S30,S30 타워 클린,레스트리,예약가능
2026-04-29 10:39,2026.06,24,제천,S30,S30 빌라 클린,포레스트,예약가능
2026-04-29 10:39,2026.06,25,제천,S30,S30 타워 클린 케어,레스트리,예약가능
2026-04-29 10:39,2026.06,25,제천,S30,S30 빌라 클린,포레스트,예약가능
2026-04-29 10:39,2026.06,29,제천,S30,S30 타워 클린 키즈,레스트리,예약가능
2026-04-29 10:39,2026.06,29,제천,S30,S30 타워 클린 케어,레스트리,예약가능
2026-04-29 10:39,2026.06,29,제천,S30,S30 타워 클린,레스트리,예약가능
2026-04-29 10:39,2026.06,29,제천,S30,S30 빌라 클린,포레스트,예약가능
2026-04-29 10:39,2026.06,30,제천,S30,S30 타워 클린 키즈,레스트리,예약가능
2026-04-29 10:39,2026.06,30,제천,S30,S30 타워 클린 케어,레스트리,예약가능
2026-04-29 10:39,2026.06,30,제천,S30,S30 타워 클린,레스트리,예약가능
2026-04-29 10:39,2026.06,30,제천,S30,S30 빌라 클린,포레스트,예약가능
2026-04-29 10:39,2026.04,29,제천,G40,G40 타워 클린,레스트리,예약가능
2026-04-29 10:39,2026.04,29,제천,G40,G40 빌라 클린,포레스트,예약가능
2026-04-29 10:39,2026.05,5,제천,G40,G40 타워 클린,레스트리,예약가능
2026-04-29 10:39,2026.05,5,제천,G40,G40 빌라 클린,포레스트,예약가능
2026-04-29 10:39,2026.05,6,제천,G40,G40 타워 클린,레스트리,예약가능
2026-04-29 10:39,2026.05,6,제천,G40,G40 빌라 클린,포레스트,예약가능
2026-04-29 10:39,2026.05,7,제천,G40,G40 타워 클린,레스트리,예약가능
2026-04-29 10:39,2026.05,7,제천,G40,G40 빌라 클린,포레스트,예약가능
2026-04-29 10:39,2026.05,8,제천,G40,G40 타워 클린,레스트리,예약가능
2026-04-29 10:39,2026.05,8,제천,G40,G40 빌라 클린,포레스트,예약가능
2026-04-29 10:39,2026.05,10,제천,G40,G40 빌라 클린,포레스트,예약가능
2026-04-29 10:39,2026.05,11,제천,G40,G40 타워 클린,레스트리,예약가능
2026-04-29 10:39,2026.05,11,제천,G40,G40 빌라 클린,포레스트,예약가능
2026-04-29 10:39,2026.05,12,제천,G40,G40 타워 클린,레스트리,예약가능
2026-04-29 10:39,2026.05,12,제천,G40,G40 빌라 클린,포레스트,예약가능
2026-04-29 10:39,2026.05,13,제천,G40,G40 타워 클린,레스트리,예약가능
2026-04-29 10:39,2026.05,15,제천,G40,G40 타워 클린,레스트리,예약가능
2026-04-29 10:39,2026.05,15,제천,G40,G40 빌라 클린,포레스트,예약가능
2026-04-29 10:39,2026.05,18,제천,G40,G40 타워 클린,레스트리,예약가능
2026-04-29 10:39,2026.05,18,제천,G40,G40 빌라 클린,포레스트,예약가능
2026-04-29 10:39,2026.05,19,제천,G40,G40 타워 클린,레스트리,예약가능
2026-04-29 10:39,2026.05,19,제천,G40,G40 빌라 클린,포레스트,예약가능
2026-04-29 10:39,2026.05,20,제천,G40,G40 타워 클린,레스트리,예약가능
2026-04-29 10:39,2026.05,20,제천,G40,G40 빌라 클린,포레스트,예약가능
2026-04-29 10:39,2026.05,21,제천,G40,G40 빌라 클린,포레스트,예약가능
2026-04-29 10:39,2026.05,22,제천,G40,G40 타워 클린,레스트리,예약가능
2026-04-29 10:39,2026.05,22,제천,G40,G40 빌라 클린,포레스트,예약가능
2026-04-29 10:39,2026.05,25,제천,G40,G40 타워 클린,레스트리,예약가능
2026-04-29 10:39,2026.05,26,제천,G40,G40 타워 클린,레스트리,예약가능
2026-04-29 10:39,2026.05,26,제천,G40,G40 빌라 클린,포레스트,예약가능
2026-04-29 10:39,2026.05,27,제천,G40,G40 타워 클린,레스트리,예약가능
2026-04-29 10:39,2026.05,27,제천,G40,G40 빌라 클린,포레스트,예약가능
2026-04-29 10:39,2026.05,28,제천,G40,G40 타워 클린,레스트리,예약가능
2026-04-29 10:39,2026.05,28,제천,G40,G40 빌라 클린,포레스트,예약가능
2026-04-29 10:39,2026.05,29,제천,G40,G40 타워 클린,레스트리,예약가능
2026-04-29 10:39,2026.06,1,제천,G40,G40 타워 클린,레스트리,예약가능
2026-04-29 10:39,2026.06,1,제천,G40,G40 빌라 클린,포레스트,예약가능
2026-04-29 10:39,2026.06,2,제천,G40,G40 타워 클린,레스트리,예약가능
2026-04-29 10:39,2026.06,3,제천,G40,G40 타워 클린,레스트리,예약가능
2026-04-29 10:39,2026.06,4,제천,G40,G40 타워 클린,레스트리,예약가능
2026-04-29 10:39,2026.06,4,제천,G40,G40 빌라 클린,포레스트,예약가능
2026-04-29 10:39,2026.06,7,제천,G40,G40 타워 클린,레스트리,예약가능
2026-04-29 10:39,2026.06,8,제천,G40,G40 타워 클린,레스트리,예약가능
2026-04-29 10:39,2026.06,8,제천,G40,G40 빌라 클린,포레스트,예약가능
2026-04-29 10:39,2026.06,9,제천,G40,G40 타워 클린,레스트리,예약가능
2026-04-29 10:39,2026.06,9,제천,G40,G40 빌라 클린,포레스트,예약가능
2026-04-29 10:39,2026.06,10,제천,G40,G40 타워 클린,레스트리,예약가능
2026-04-29 10:39,2026.06,10,제천,G40,G40 빌라 클린,포레스트,예약가능
2026-04-29 10:39,2026.06,11,제천,G40,G40 타워 클린,레스트리,예약가능
2026-04-29 10:39,2026.06,11,제천,G40,G40 빌라 클린,포레스트,예약가능
2026-04-29 10:39,2026.06,15,제천,G40,G40 타워 클린,레스트리,예약가능
2026-04-29 10:39,2026.06,15,제천,G40,G40 빌라 클린,포레스트,예약가능
2026-04-29 10:39,2026.06,16,제천,G40,G40 타워 클린,레스트리,예약가능
2026-04-29 10:39,2026.06,16,제천,G40,G40 빌라 클린,포레스트,예약가능
2026-04-29 10:39,2026.06,17,제천,G40,G40 타워 클린,레스트리,예약가능
2026-04-29 10:39,2026.06,17,제천,G40,G40 빌라 클린,포레스트,예약가능
2026-04-29 10:39,2026.06,18,제천,G40,G40 타워 클린,레스트리,예약가능
2026-04-29 10:39,2026.06,18,제천,G40,G40 빌라 클린,포레스트,예약가능
2026-04-29 10:39,2026.06,21,제천,G40,G40 타워 클린,레스트리,예약가능
2026-04-29 10:39,2026.06,22,제천,G40,G40 타워 클린,레스트리,예약가능
2026-04-29 10:39,2026.06,22,제천,G40,G40 빌라 클린,포레스트,예약가능
2026-04-29 10:39,2026.06,23,제천,G40,G40 타워 클린,레스트리,예약가능
2026-04-29 10:39,2026.06,23,제천,G40,G40 빌라 클린,포레스트,예약가능
2026-04-29 10:39,2026.06,24,제천,G40,G40 타워 클린,레스트리,예약가능
2026-04-29 10:39,2026.06,24,제천,G40,G40 빌라 클린,포레스트,예약가능
2026-04-29 10:39,2026.06,25,제천,G40,G40 타워 클린,레스트리,예약가능
2026-04-29 10:39,2026.06,25,제천,G40,G40 빌라 클린,포레스트,예약가능
2026-04-29 10:39,2026.06,29,제천,G40,G40 타워 클린,레스트리,예약가능
2026-04-29 10:39,2026.06,29,제천,G40,G40 빌라 클린,포레스트,예약가능
2026-04-29 10:39,2026.06,30,제천,G40,G40 타워 클린,레스트리,예약가능
2026-04-29 10:39,2026.06,30,제천,G40,G40 빌라 클린,포레스트,예약가능
2026-04-29 10:39,2026.04,29,제천,G50,G50 타워 클린,레스트리,예약가능
2026-04-29 10:39,2026.04,29,제천,G50,G50 타워 콘도,레스트리,예약가능
2026-04-29 10:39,2026.04,29,제천,G50,G50 빌라 클린,포레스트,예약가능
2026-04-29 10:39,2026.04,30,제천,G50,G50 타워 콘도,레스트리,예약가능
2026-04-29 10:40,2026.05,4,제천,G50,G50 타워 클린,레스트리,예약가능
2026-04-29 10:40,2026.05,5,제천,G50,G50 타워 클린,레스트리,예약가능
2026-04-29 10:40,2026.05,5,제천,G50,G50 타워 콘도,레스트리,예약가능
2026-04-29 10:40,2026.05,5,제천,G50,G50 빌라 클린,포레스트,예약가능
2026-04-29 10:40,2026.05,6,제천,G50,G50 타워 클린,레스트리,예약가능
2026-04-29 10:40,2026.05,6,제천,G50,G50 타워 콘도,레스트리,예약가능
2026-04-29 10:40,2026.05,6,제천,G50,G50 빌라 클린,포레스트,예약가능
2026-04-29 10:40,2026.05,7,제천,G50,G50 타워 클린,레스트리,예약가능
2026-04-29 10:40,2026.05,7,제천,G50,G50 타워 콘도,레스트리,예약가능
2026-04-29 10:40,2026.05,7,제천,G50,G50 빌라 클린,포레스트,예약가능
2026-04-29 10:40,2026.05,8,제천,G50,G50 타워 클린,레스트리,예약가능
2026-04-29 10:40,2026.05,8,제천,G50,G50 타워 콘도,레스트리,예약가능
2026-04-29 10:40,2026.05,8,제천,G50,G50 빌라 클린,포레스트,예약가능
2026-04-29 10:40,2026.05,9,제천,G50,G50 타워 콘도,레스트리,예약가능
2026-04-29 10:40,2026.05,10,제천,G50,G50 타워 콘도,레스트리,예약가능
2026-04-29 10:40,2026.05,11,제천,G50,G50 타워 클린,레스트리,예약가능
2026-04-29 10:40,2026.05,11,제천,G50,G50 타워 콘도,레스트리,예약가능
2026-04-29 10:40,2026.05,11,제천,G50,G50 빌라 클린,포레스트,예약가능
2026-04-29 10:40,2026.05,12,제천,G50,G50 타워 클린,레스트리,예약가능
2026-04-29 10:40,2026.05,12,제천,G50,G50 타워 콘도,레스트리,예약가능
2026-04-29 10:40,2026.05,12,제천,G50,G50 빌라 클린,포레스트,예약가능
2026-04-29 10:40,2026.05,13,제천,G50,G50 타워 클린,레스트리,예약가능
2026-04-29 10:40,2026.05,13,제천,G50,G50 타워 콘도,레스트리,예약가능
2026-04-29 10:40,2026.05,13,제천,G50,G50 빌라 클린,포레스트,예약가능
2026-04-29 10:40,2026.05,14,제천,G50,G50 타워 콘도,레스트리,예약가능
2026-04-29 10:40,2026.05,14,제천,G50,G50 빌라 클린,포레스트,예약가능
2026-04-29 10:40,2026.05,15,제천,G50,G50 타워 클린,레스트리,예약가능
2026-04-29 10:40,2026.05,15,제천,G50,G50 빌라 클린,포레스트,예약가능
2026-04-29 10:40,2026.05,18,제천,G50,G50 타워 클린,레스트리,예약가능
2026-04-29 10:40,2026.05,18,제천,G50,G50 타워 콘도,레스트리,예약가능
2026-04-29 10:40,2026.05,18,제천,G50,G50 빌라 클린,포레스트,예약가능
2026-04-29 10:40,2026.05,19,제천,G50,G50 타워 클린,레스트리,예약가능
2026-04-29 10:40,2026.05,19,제천,G50,G50 타워 콘도,레스트리,예약가능
2026-04-29 10:40,2026.05,19,제천,G50,G50 빌라 클린,포레스트,예약가능
2026-04-29 10:40,2026.05,20,제천,G50,G50 타워 클린,레스트리,예약가능
2026-04-29 10:40,2026.05,20,제천,G50,G50 타워 콘도,레스트리,예약가능
2026-04-29 10:40,2026.05,20,제천,G50,G50 빌라 클린,포레스트,예약가능
2026-04-29 10:40,2026.05,21,제천,G50,G50 타워 콘도,레스트리,예약가능
2026-04-29 10:40,2026.05,21,제천,G50,G50 빌라 클린,포레스트,예약가능
2026-04-29 10:40,2026.05,22,제천,G50,G50 빌라 클린,포레스트,예약가능
2026-04-29 10:40,2026.05,25,제천,G50,G50 타워 콘도,레스트리,예약가능
2026-04-29 10:40,2026.05,26,제천,G50,G50 타워 클린,레스트리,예약가능
2026-04-29 10:40,2026.05,26,제천,G50,G50 타워 콘도,레스트리,예약가능
2026-04-29 10:40,2026.05,26,제천,G50,G50 빌라 클린,포레스트,예약가능
2026-04-29 10:40,2026.05,27,제천,G50,G50 타워 클린,레스트리,예약가능
2026-04-29 10:40,2026.05,27,제천,G50,G50 타워 콘도,레스트리,예약가능
2026-04-29 10:40,2026.05,27,제천,G50,G50 빌라 클린,포레스트,예약가능
2026-04-29 10:40,2026.05,28,제천,G50,G50 타워 클린,레스트리,예약가능
2026-04-29 10:40,2026.05,28,제천,G50,G50 타워 콘도,레스트리,예약가능
2026-04-29 10:40,2026.05,28,제천,G50,G50 빌라 클린,포레스트,예약가능
2026-04-29 10:40,2026.05,29,제천,G50,G50 타워 콘도,레스트리,예약가능
2026-04-29 10:40,2026.05,31,제천,G50,G50 타워 콘도,레스트리,예약가능
2026-04-29 10:40,2026.06,1,제천,G50,G50 타워 클린,레스트리,예약가능
2026-04-29 10:40,2026.06,1,제천,G50,G50 타워 콘도,레스트리,예약가능
2026-04-29 10:40,2026.06,1,제천,G50,G50 빌라 클린,포레스트,예약가능
2026-04-29 10:40,2026.06,2,제천,G50,G50 타워 클린,레스트리,예약가능
2026-04-29 10:40,2026.06,2,제천,G50,G50 타워 콘도,레스트리,예약가능
2026-04-29 10:40,2026.06,3,제천,G50,G50 빌라 클린,포레스트,예약가능
2026-04-29 10:40,2026.06,4,제천,G50,G50 타워 클린,레스트리,예약가능
2026-04-29 10:40,2026.06,4,제천,G50,G50 타워 콘도,레스트리,예약가능
2026-04-29 10:40,2026.06,4,제천,G50,G50 빌라 클린,포레스트,예약가능
2026-04-29 10:40,2026.06,8,제천,G50,G50 타워 클린,레스트리,예약가능
2026-04-29 10:40,2026.06,8,제천,G50,G50 타워 콘도,레스트리,예약가능
2026-04-29 10:40,2026.06,8,제천,G50,G50 빌라 클린,포레스트,예약가능
2026-04-29 10:40,2026.06,9,제천,G50,G50 타워 클린,레스트리,예약가능
2026-04-29 10:40,2026.06,9,제천,G50,G50 타워 콘도,레스트리,예약가능
2026-04-29 10:40,2026.06,9,제천,G50,G50 빌라 클린,포레스트,예약가능
2026-04-29 10:40,2026.06,10,제천,G50,G50 타워 클린,레스트리,예약가능
2026-04-29 10:40,2026.06,10,제천,G50,G50 타워 콘도,레스트리,예약가능
2026-04-29 10:40,2026.06,10,제천,G50,G50 빌라 클린,포레스트,예약가능
2026-04-29 10:40,2026.06,11,제천,G50,G50 타워 클린,레스트리,예약가능
2026-04-29 10:40,2026.06,11,제천,G50,G50 타워 콘도,레스트리,예약가능
2026-04-29 10:40,2026.06,11,제천,G50,G50 빌라 클린,포레스트,예약가능
2026-04-29 10:40,2026.06,14,제천,G50,G50 타워 콘도,레스트리,예약가능
2026-04-29 10:40,2026.06,15,제천,G50,G50 타워 클린,레스트리,예약가능
2026-04-29 10:40,2026.06,15,제천,G50,G50 타워 콘도,레스트리,예약가능
2026-04-29 10:40,2026.06,15,제천,G50,G50 빌라 클린,포레스트,예약가능
2026-04-29 10:40,2026.06,16,제천,G50,G50 타워 클린,레스트리,예약가능
2026-04-29 10:40,2026.06,16,제천,G50,G50 타워 콘도,레스트리,예약가능
2026-04-29 10:40,2026.06,16,제천,G50,G50 빌라 클린,포레스트,예약가능
2026-04-29 10:40,2026.06,17,제천,G50,G50 타워 클린,레스트리,예약가능
2026-04-29 10:40,2026.06,17,제천,G50,G50 타워 콘도,레스트리,예약가능
2026-04-29 10:40,2026.06,17,제천,G50,G50 빌라 클린,포레스트,예약가능
2026-04-29 10:40,2026.06,18,제천,G50,G50 타워 클린,레스트리,예약가능
2026-04-29 10:40,2026.06,18,제천,G50,G50 타워 콘도,레스트리,예약가능
2026-04-29 10:40,2026.06,18,제천,G50,G50 빌라 클린,포레스트,예약가능
2026-04-29 10:40,2026.06,21,제천,G50,G50 타워 콘도,레스트리,예약가능
2026-04-29 10:40,2026.06,22,제천,G50,G50 타워 클린,레스트리,예약가능
2026-04-29 10:40,2026.06,22,제천,G50,G50 타워 콘도,레스트리,예약가능
2026-04-29 10:40,2026.06,22,제천,G50,G50 빌라 클린,포레스트,예약가능
2026-04-29 10:40,2026.06,23,제천,G50,G50 타워 클린,레스트리,예약가능
2026-04-29 10:40,2026.06,23,제천,G50,G50 타워 콘도,레스트리,예약가능
2026-04-29 10:40,2026.06,23,제천,G50,G50 빌라 클린,포레스트,예약가능
2026-04-29 10:40,2026.06,24,제천,G50,G50 타워 클린,레스트리,예약가능
2026-04-29 10:40,2026.06,24,제천,G50,G50 타워 콘도,레스트리,예약가능
2026-04-29 10:40,2026.06,24,제천,G50,G50 빌라 클린,포레스트,예약가능
2026-04-29 10:40,2026.06,25,제천,G50,G50 타워 클린,레스트리,예약가능
2026-04-29 10:40,2026.06,25,제천,G50,G50 타워 콘도,레스트리,예약가능
2026-04-29 10:40,2026.06,25,제천,G50,G50 빌라 클린,포레스트,예약가능
2026-04-29 10:40,2026.06,28,제천,G50,G50 타워 콘도,레스트리,예약가능
2026-04-29 10:40,2026.06,29,제천,G50,G50 타워 클린,레스트리,예약가능
2026-04-29 10:40,2026.06,29,제천,G50,G50 타워 콘도,레스트리,예약가능
2026-04-29 10:40,2026.06,29,제천,G50,G50 빌라 클린,포레스트,예약가능
2026-04-29 10:40,2026.06,30,제천,G50,G50 타워 클린,레스트리,예약가능
2026-04-29 10:40,2026.06,30,제천,G50,G50 타워 콘도,레스트리,예약가능
2026-04-29 10:40,2026.06,30,제천,G50,G50 빌라 클린,포레스트,예약가능
